iso_code,continent,location,date,total_cases,new_cases,total_deaths,new_deaths,total_cases_per_million,total_deaths_per_million,total_vaccinations,population,gdp_per_capita,iso_code_encoded,growth_rate_new_cases,growth_rate_new_deaths,high_cases
BRA,South America,Brazil,2020-01-01,535.0,535.0,8.0,8.0,2.5235849056603774,0.0377358490566037,0.0,212000000.0,14000.0,0,0.0,0.0,0
BRA,South America,Brazil,2020-01-02,1078.0,543.0,21.0,13.0,5.084905660377358,0.0990566037735849,0.0,212000000.0,14000.0,0,0.01495327102803734,0.625,0
BRA,South America,Brazil,2020-01-03,1583.0,505.0,26.0,5.0,7.466981132075472,0.1226415094339622,0.0,212000000.0,14000.0,0,-0.06998158379373853,-0.6153846153846154,0
BRA,South America,Brazil,2020-01-04,2128.0,545.0,35.0,9.0,10.037735849056604,0.1650943396226415,0.0,212000000.0,14000.0,0,0.07920792079207928,0.8,0
BRA,South America,Brazil,2020-01-05,2717.0,589.0,41.0,6.0,12.816037735849056,0.1933962264150943,0.0,212000000.0,14000.0,0,0.08073394495412844,-0.33333333333333337,0
BRA,South America,Brazil,2020-01-06,3346.0,629.0,47.0,6.0,15.783018867924527,0.2216981132075471,0.0,212000000.0,14000.0,0,0.06791171477079794,0.0,0
BRA,South America,Brazil,2020-01-07,3990.0,644.0,62.0,15.0,18.82075471698113,0.2924528301886792,0.0,212000000.0,14000.0,0,0.0238473767885532,1.5,0
BRA,South America,Brazil,2020-01-08,55864.0,687.0,76.0,14.0,22.06132075471698,0.3584905660377359,0.0,212000000.0,14000.0,0,0.06677018633540377,-0.06666666666666665,0
BRA,South America,Brazil,2020-01-09,5374.0,697.0,91.0,15.0,25.349056603773587,0.4292452830188679,0.0,212000000.0,14000.0,0,0.01455604075691408,0.0714285714285714,0
BRA,South America,Brazil,2020-01-10,6087.0,713.0,100.0,9.0,28.7122641509434,0.4716981132075472,0.0,212000000.0,14000.0,0,0.022955523672883782,-0.4,0
BRA,South America,Brazil,2020-01-11,6814.0,727.0,119.0,19.0,32.14150943396226,0.5613207547169812,0.0,212000000.0,14000.0,0,0.019635343618513268,1.1111111111111112,0
BRA,South America,Brazil,2020-01-12,7594.0,780.0,128.0,9.0,35.82075471698113,0.6037735849056604,0.0,212000000.0,14000.0,0,0.07290233837689142,-0.5263157894736843,0
BRA,South America,Brazil,2020-01-13,8429.0,835.0,137.0,9.0,39.75943396226416,0.6462264150943396,0.0,212000000.0,14000.0,0,0.07051282051282048,0.0,0
BRA,South America,Brazil,2020-01-14,9272.0,843.0,146.0,9.0,43.735849056603776,0.6886792452830188,0.0,212000000.0,14000.0,0,0.009580838323353325,0.0,0
BRA,South America,Brazil,2020-01-15,10118.0,846.0,157.0,11.0,47.72641509433962,0.7405660377358491,0.0,212000000.0,14000.0,0,0.003558718861210064,0.22222222222222232,0
BRA,South America,Brazil,2020-01-16,11008.0,890.0,173.0,16.0,51.9245283018868,0.8160377358490566,0.0,212000000.0,14000.0,0,0.05200945626477549,0.4545454545454546,0
BRA,South America,Brazil,2020-01-17,11921.0,913.0,183.0,10.0,56.2311320754717,0.8632075471698114,0.0,212000000.0,14000.0,0,0.02584269662921357,-0.375,0
BRA,South America,Brazil,2020-01-18,12847.0,926.0,200.0,17.0,60.59905660377358,0.9433962264150944,0.0,212000000.0,14000.0,0,0.014238773274917849,0.7,0
BRA,South America,Brazil,2020-01-19,13768.0,921.0,212.0,12.0,64.9433962264151,1.0,0.0,212000000.0,14000.0,0,-0.005399568034557212,-0.2941176470588235,0
BRA,South America,Brazil,2020-01-20,14727.0,1732.0,231.0,19.0,69.46698113207547,1.089622641509434,0.0,212000000.0,14000.0,0,0.8805646036916395,0.5833333333333333,1
BRA,South America,Brazil,2020-01-21,15697.0,970.0,257.0,26.0,74.04245283018868,1.2122641509433962,0.0,212000000.0,14000.0,0,-0.43995381062355654,0.368421052631579,0
BRA,South America,Brazil,2020-01-22,16764.0,1067.0,277.0,20.0,79.0754716981132,1.3066037735849056,0.0,212000000.0,14000.0,0,0.10000000000000009,-0.23076923076923073,1
BRA,South America,Brazil,2020-01-23,17705.0,941.0,295.0,18.0,83.51415094339622,1.391509433962264,0.0,212000000.0,14000.0,0,-0.11808809746954074,-0.09999999999999998,0
BRA,South America,Brazil,2020-01-24,18833.0,1128.0,317.0,22.0,88.83490566037736,1.4952830188679245,0.0,212000000.0,14000.0,0,0.19872476089266744,0.22222222222222232,1
BRA,South America,Brazil,2020-01-25,19884.0,1051.0,344.0,27.0,93.79245283018868,1.6226415094339623,0.0,212000000.0,14000.0,0,-0.06826241134751776,0.2272727272727273,1
BRA,South America,Brazil,2020-01-26,20997.0,1113.0,376.0,32.0,99.04245283018868,1.7735849056603774,0.0,212000000.0,14000.0,0,0.05899143672692664,0.18518518518518512,1
BRA,South America,Brazil,2020-01-27,22115.0,1118.0,393.0,17.0,104.31603773584904,1.8537735849056605,0.0,212000000.0,14000.0,0,0.004492362982928988,-0.46875,1
BRA,South America,Brazil,2020-01-28,23322.0,1207.0,420.0,31.0,110.00943396226415,1.981132075471698,0.0,212000000.0,14000.0,0,0.07960644007155637,0.8235294117647058,1
BRA,South America,Brazil,2020-01-29,24555.0,1233.0,454.0,34.0,115.8254716981132,2.141509433962264,0.0,212000000.0,14000.0,0,0.02154101077050541,0.09677419354838701,1
BRA,South America,Brazil,2020-01-30,25783.0,1228.0,483.0,29.0,121.61792452830188,2.2783018867924527,0.0,212000000.0,14000.0,0,-0.0040551500405514584,-0.1470588235294118,1
BRA,South America,Brazil,2020-01-31,27066.0,1283.0,517.0,34.0,127.6698113207547,2.438679245283019,0.0,212000000.0,14000.0,0,0.04478827361563509,0.17241379310344818,1
BRA,South America,Brazil,2020-02-01,28397.0,1331.0,556.0,39.0,133.94811320754718,2.6226415094339623,961.0,212000000.0,14000.0,0,0.0374123148869836,0.1470588235294117,1
BRA,South America,Brazil,2020-02-02,29660.0,1263.0,585.0,29.0,139.9056603773585,2.759433962264151,1924.0,212000000.0,14000.0,0,-0.05108940646130733,-0.2564102564102564,1
BRA,South America,Brazil,2020-02-03,30997.0,1337.0,621.0,36.0,146.21226415094338,2.929245283018868,2955.0,212000000.0,14000.0,0,0.058590657165479065,0.24137931034482762,1
BRA,South America,Brazil,2020-02-04,32361.0,1364.0,658.0,37.0,152.64622641509433,3.1037735849056607,3948.0,212000000.0,14000.0,0,0.020194465220643165,0.02777777777777768,1
BRA,South America,Brazil,2020-02-05,33739.0,1378.0,696.0,38.0,159.14622641509433,3.2830188679245285,4893.0,212000000.0,14000.0,0,0.01026392961876832,0.027027027027026973,1
BRA,South America,Brazil,2020-02-06,35101.0,1362.0,731.0,35.0,165.57075471698113,3.44811320754717,5897.0,212000000.0,14000.0,0,-0.011611030478954953,-0.07894736842105265,1
BRA,South America,Brazil,2020-02-07,36505.0,1404.0,768.0,37.0,172.1933962264151,3.6226415094339615,6893.0,212000000.0,14000.0,0,0.03083700440528636,0.05714285714285716,1
BRA,South America,Brazil,2020-02-08,37954.0,1449.0,792.0,24.0,179.02830188679243,3.7358490566037736,7859.0,212000000.0,14000.0,0,0.03205128205128216,-0.3513513513513513,1
BRA,South America,Brazil,2020-02-09,39470.0,1516.0,814.0,22.0,186.17924528301887,3.8396226415094334,8820.0,212000000.0,14000.0,0,0.0462387853692201,-0.08333333333333337,1
BRA,South America,Brazil,2020-02-10,40964.0,1494.0,848.0,34.0,193.22641509433964,4.0,9831.0,212000000.0,14000.0,0,-0.014511873350923521,0.5454545454545454,1
BRA,South America,Brazil,2020-02-11,42533.0,1569.0,894.0,46.0,200.627358490566,4.216981132075472,10843.0,212000000.0,14000.0,0,0.050200803212851364,0.3529411764705883,1
BRA,South America,Brazil,2020-02-12,44103.0,1570.0,931.0,37.0,208.0330188679245,4.3915094339622645,11784.0,212000000.0,14000.0,0,0.0006373486297004405,-0.19565217391304346,1
BRA,South America,Brazil,2020-02-13,45726.0,1623.0,974.0,43.0,215.68867924528303,4.594339622641509,12763.0,212000000.0,14000.0,0,0.033757961783439594,0.16216216216216206,1
BRA,South America,Brazil,2020-02-14,47349.0,1623.0,1000.0,26.0,223.3443396226415,4.716981132075472,13734.0,212000000.0,14000.0,0,0.0,-0.39534883720930236,1
BRA,South America,Brazil,2020-02-15,48951.0,1602.0,1046.0,46.0,230.90094339622644,4.933962264150943,14775.0,212000000.0,14000.0,0,-0.012939001848428888,0.7692307692307692,1
BRA,South America,Brazil,2020-02-16,50638.0,1687.0,1071.0,25.0,238.85849056603772,5.05188679245283,15825.0,212000000.0,14000.0,0,0.05305867665418229,-0.4565217391304348,1
BRA,South America,Brazil,2020-02-17,52320.0,1682.0,1102.0,31.0,246.7924528301887,5.19811320754717,16821.0,212000000.0,14000.0,0,-0.0029638411381149865,0.24,1
BRA,South America,Brazil,2020-02-18,54025.0,1705.0,1152.0,50.0,254.8349056603774,5.433962264150943,17776.0,212000000.0,14000.0,0,0.013674197384066611,0.6129032258064515,1
BRA,South America,Brazil,2020-02-19,55821.0,1796.0,1200.0,31.0,263.30660377358487,5.660377358490567,18756.0,212000000.0,14000.0,0,0.053372434017595394,-0.38,1
BRA,South America,Brazil,2020-02-20,57603.0,1782.0,1218.0,18.0,271.7122641509434,5.745283018867925,19738.0,212000000.0,14000.0,0,-0.007795100222717122,-0.4193548387096774,1
BRA,South America,Brazil,2020-02-21,59350.0,1747.0,1239.0,21.0,279.95283018867923,5.84433962264151,20757.0,212000000.0,14000.0,0,-0.019640852974186274,0.16666666666666674,1
BRA,South America,Brazil,2020-02-22,61084.0,1734.0,1256.0,17.0,288.1320754716981,5.9245283018867925,21754.0,212000000.0,14000.0,0,-0.0074413279908414065,-0.19047619047619047,1
BRA,South America,Brazil,2020-02-23,62921.0,1837.0,1285.0,29.0,296.7971698113208,6.061320754716981,22777.0,212000000.0,14000.0,0,0.05940023068050748,0.7058823529411764,1
BRA,South America,Brazil,2020-02-24,64837.0,1916.0,1329.0,44.0,305.8349056603774,6.268867924528301,23785.0,212000000.0,14000.0,0,0.04300489929232443,0.5172413793103448,1
BRA,South America,Brazil,2020-02-25,66668.0,1831.0,1356.0,27.0,314.4716981132076,6.39622641509434,24814.0,212000000.0,14000.0,0,-0.04436325678496866,-0.38636363636363635,1
BRA,South America,Brazil,2020-02-26,68621.0,1953.0,1378.0,22.0,323.683962264151,6.5,25848.0,212000000.0,14000.0,0,0.06663025669033318,-0.18518518518518523,1
BRA,South America,Brazil,2020-02-27,70485.0,1864.0,1430.0,52.0,332.4764150943396,6.745283018867925,26864.0,212000000.0,14000.0,0,-0.045570916538658524,1.3636363636363638,1
BRA,South America,Brazil,2020-02-28,72495.0,2010.0,1470.0,40.0,341.9575471698113,6.933962264150943,27858.0,212000000.0,14000.0,0,0.07832618025751081,-0.23076923076923073,1
BRA,South America,Brazil,2020-02-29,74462.0,1967.0,1513.0,43.0,351.23584905660374,7.136792452830189,28904.0,212000000.0,14000.0,0,-0.021393034825870627,0.07499999999999996,1
BRA,South America,Brazil,2020-03-01,76476.0,2014.0,1556.0,43.0,360.7358490566038,7.339622641509433,29923.0,212000000.0,14000.0,0,0.023894255210981097,0.0,1
BRA,South America,Brazil,2020-03-02,78502.0,2026.0,1591.0,35.0,370.2924528301887,7.504716981132075,30922.0,212000000.0,14000.0,0,0.005958291956305928,-0.18604651162790697,1
BRA,South America,Brazil,2020-03-03,80655.0,2153.0,1644.0,53.0,380.4481132075471,7.754716981132075,31922.0,212000000.0,14000.0,0,0.06268509378084897,0.5142857142857142,1
BRA,South America,Brazil,2020-03-04,82646.0,1991.0,1678.0,34.0,389.83962264150944,7.915094339622641,32919.0,212000000.0,14000.0,0,-0.07524384579656296,-0.3584905660377359,1
BRA,South America,Brazil,2020-03-05,84689.0,2043.0,1738.0,60.0,399.4764150943396,8.19811320754717,33903.0,212000000.0,14000.0,0,0.026117528879959773,0.7647058823529411,1
BRA,South America,Brazil,2020-03-06,86769.0,2080.0,1770.0,32.0,409.28773584905656,8.349056603773585,34874.0,212000000.0,14000.0,0,0.018110621634850776,-0.4666666666666667,1
BRA,South America,Brazil,2020-03-07,88878.0,2109.0,1795.0,25.0,419.2358490566038,8.466981132075473,35859.0,212000000.0,14000.0,0,0.013942307692307754,-0.21875,1
BRA,South America,Brazil,2020-03-08,55864.0,2184.0,1829.0,34.0,429.5377358490566,8.627358490566039,36919.0,212000000.0,14000.0,0,0.03556187766714092,0.3600000000000001,1
BRA,South America,Brazil,2020-03-09,93185.0,2123.0,1855.0,26.0,439.5518867924528,8.75,37905.0,212000000.0,14000.0,0,-0.027930402930402942,-0.23529411764705888,1
BRA,South America,Brazil,2020-03-10,95472.0,1732.0,1909.0,54.0,450.33962264150944,9.004716981132075,38883.0,212000000.0,14000.0,0,-0.18417333961375415,1.076923076923077,1
BRA,South America,Brazil,2020-03-11,97711.0,2239.0,1972.0,63.0,460.9009433962264,9.30188679245283,39903.0,212000000.0,14000.0,0,0.29272517321016167,0.16666666666666674,1
BRA,South America,Brazil,2020-03-12,99959.0,2248.0,2037.0,65.0,471.5047169811321,9.608490566037736,40936.0,212000000.0,14000.0,0,0.004019651630192023,0.031746031746031855,1
BRA,South America,Brazil,2020-03-13,102278.0,2319.0,2072.0,35.0,482.44339622641513,9.773584905660377,41871.0,212000000.0,14000.0,0,0.031583629893238374,-0.46153846153846156,1
BRA,South America,Brazil,2020-03-14,104629.0,2351.0,2113.0,41.0,493.53301886792457,9.966981132075473,42867.0,212000000.0,14000.0,0,0.013799051315222188,0.17142857142857149,1
BRA,South America,Brazil,2020-03-15,106913.0,2284.0,2170.0,57.0,504.30660377358487,10.235849056603772,43809.0,212000000.0,14000.0,0,-0.028498511271799254,0.3902439024390243,1
BRA,South America,Brazil,2020-03-16,109267.0,2354.0,2225.0,55.0,515.4103773584906,10.495283018867925,44826.0,212000000.0,14000.0,0,0.030647985989492144,-0.03508771929824561,1
BRA,South America,Brazil,2020-03-17,111680.0,2413.0,2279.0,54.0,526.7924528301887,10.75,45878.0,212000000.0,14000.0,0,0.025063721325403465,-0.018181818181818188,1
BRA,South America,Brazil,2020-03-18,114170.0,2490.0,2309.0,30.0,538.5377358490565,10.891509433962264,46927.0,212000000.0,14000.0,0,0.031910484873601375,-0.4444444444444444,1
BRA,South America,Brazil,2020-03-19,116625.0,2455.0,2334.0,25.0,550.117924528302,11.009433962264152,47920.0,212000000.0,14000.0,0,-0.014056224899598346,-0.16666666666666663,1
BRA,South America,Brazil,2020-03-20,119098.0,2473.0,2360.0,26.0,561.7830188679245,11.132075471698112,48877.0,212000000.0,14000.0,0,0.007331975560081361,0.040000000000000036,1
BRA,South America,Brazil,2020-03-21,121575.0,2477.0,2417.0,57.0,573.4669811320755,11.400943396226417,49914.0,212000000.0,14000.0,0,0.0016174686615446632,1.1923076923076925,1
BRA,South America,Brazil,2020-03-22,124090.0,2515.0,2456.0,39.0,585.3301886792453,11.58490566037736,50896.0,212000000.0,14000.0,0,0.015341138473960347,-0.3157894736842105,1
BRA,South America,Brazil,2020-03-23,126632.0,2542.0,2523.0,67.0,597.3207547169811,11.900943396226417,51890.0,212000000.0,14000.0,0,0.01073558648111339,0.7179487179487178,1
BRA,South America,Brazil,2020-03-24,129219.0,2587.0,2579.0,56.0,609.5235849056604,12.16509433962264,52909.0,212000000.0,14000.0,0,0.017702596380802627,-0.16417910447761197,1
BRA,South America,Brazil,2020-03-25,131801.0,2582.0,2627.0,48.0,621.7028301886792,12.391509433962264,53870.0,212000000.0,14000.0,0,-0.0019327406262079627,-0.1428571428571429,1
BRA,South America,Brazil,2020-03-26,134403.0,2602.0,2654.0,27.0,633.9764150943396,12.518867924528305,54883.0,212000000.0,14000.0,0,0.0077459333849729806,-0.4375,1
BRA,South America,Brazil,2020-03-27,137029.0,2626.0,2701.0,47.0,646.3632075471698,12.74056603773585,55865.0,212000000.0,14000.0,0,0.009223674096848544,0.7407407407407407,1
BRA,South America,Brazil,2020-03-28,139720.0,2691.0,2739.0,38.0,659.0566037735849,12.919811320754718,56883.0,212000000.0,14000.0,0,0.024752475247524774,-0.19148936170212771,1
BRA,South America,Brazil,2020-03-29,55864.0,2698.0,2793.0,54.0,671.7830188679245,13.174528301886792,57971.0,212000000.0,14000.0,0,0.002601263470828785,0.42105263157894735,1
BRA,South America,Brazil,2020-03-30,145005.0,2587.0,2838.0,45.0,683.9858490566038,13.38679245283019,58935.0,212000000.0,14000.0,0,-0.04114158636026688,-0.16666666666666663,1
BRA,South America,Brazil,2020-03-31,147796.0,2791.0,2882.0,31.0,697.1509433962264,13.59433962264151,59983.0,212000000.0,14000.0,0,0.07885581754928483,-0.3111111111111111,1
BRA,South America,Brazil,2020-04-01,150700.0,2904.0,2962.0,80.0,710.8490566037735,13.971698113207548,60992.0,212000000.0,14000.0,0,0.04048728054460771,1.5806451612903225,1
BRA,South America,Brazil,2020-04-02,153640.0,2940.0,3014.0,52.0,724.7169811320755,14.216981132075473,61977.0,212000000.0,14000.0,0,0.012396694214876103,-0.35,1
BRA,South America,Brazil,2020-04-03,55864.0,2763.0,3071.0,57.0,737.75,14.485849056603772,63002.0,212000000.0,14000.0,0,-0.060204081632653006,0.09615384615384626,1
BRA,South America,Brazil,2020-04-04,159244.0,2841.0,3114.0,43.0,751.1509433962264,14.68867924528302,63971.0,212000000.0,14000.0,0,0.028230184581976125,-0.24561403508771928,1
BRA,South America,Brazil,2020-04-05,162094.0,2850.0,3197.0,83.0,764.5943396226414,15.080188679245282,64976.0,212000000.0,14000.0,0,0.0031678986272438703,0.930232558139535,1
BRA,South America,Brazil,2020-04-06,165006.0,2912.0,3251.0,54.0,778.3301886792453,15.33490566037736,65987.0,212000000.0,14000.0,0,0.021754385964912304,-0.3493975903614458,1
BRA,South America,Brazil,2020-04-07,167916.0,2910.0,3331.0,80.0,792.0566037735849,15.712264150943396,66998.0,212000000.0,14000.0,0,-0.0006868131868131844,0.4814814814814814,1
BRA,South America,Brazil,2020-04-08,170885.0,2969.0,3384.0,53.0,806.061320754717,15.962264150943396,68002.0,212000000.0,14000.0,0,0.020274914089347007,-0.3375,1
BRA,South America,Brazil,2020-04-09,173896.0,3011.0,3466.0,82.0,820.2641509433962,16.349056603773583,68961.0,212000000.0,14000.0,0,0.014146177164028328,0.5471698113207548,1
DEU,Europe,Germany,2020-01-01,483.0,483.0,12.0,12.0,5.819277108433735,0.144578313253012,0.0,83000000.0,51000.0,1,0.0,0.0,0
DEU,Europe,Germany,2020-01-02,1021.0,538.0,23.0,11.0,12.301204819277109,0.2771084337349397,0.0,83000000.0,51000.0,1,0.11387163561076608,-0.08333333333333337,0
DEU,Europe,Germany,2020-01-03,1561.0,540.0,38.0,15.0,18.80722891566265,0.4578313253012048,0.0,83000000.0,51000.0,1,0.0037174721189590088,0.36363636363636354,0
DEU,Europe,Germany,2020-01-04,2132.0,571.0,49.0,11.0,25.686746987951807,0.5903614457831325,0.0,83000000.0,51000.0,1,0.05740740740740735,-0.2666666666666667,0
DEU,Europe,Germany,2020-01-05,2764.0,632.0,65.0,16.0,33.30120481927711,0.7831325301204819,0.0,83000000.0,51000.0,1,0.10683012259194391,0.4545454545454546,0
DEU,Europe,Germany,2020-01-06,3401.0,637.0,82.0,17.0,40.97590361445783,0.9879518072289156,0.0,83000000.0,51000.0,1,0.007911392405063333,0.0625,0
DEU,Europe,Germany,2020-01-07,4031.0,630.0,91.0,9.0,48.566265060240966,1.0963855421686746,0.0,83000000.0,51000.0,1,-0.01098901098901095,-0.47058823529411764,0
DEU,Europe,Germany,2020-01-08,4752.0,721.0,106.0,15.0,57.253012048192765,1.27710843373494,0.0,83000000.0,51000.0,1,0.14444444444444438,0.6666666666666667,0
DEU,Europe,Germany,2020-01-09,5496.0,744.0,123.0,17.0,66.21686746987952,1.4819277108433735,0.0,83000000.0,51000.0,1,0.03190013869625519,0.1333333333333333,0
DEU,Europe,Germany,2020-01-10,6205.0,709.0,143.0,20.0,74.75903614457832,1.7228915662650603,0.0,83000000.0,51000.0,1,-0.04704301075268813,0.17647058823529416,0
DEU,Europe,Germany,2020-01-11,7013.0,808.0,165.0,22.0,84.49397590361447,1.987951807228916,0.0,83000000.0,51000.0,1,0.13963328631875882,0.10000000000000009,0
DEU,Europe,Germany,2020-01-12,7820.0,807.0,186.0,21.0,94.21686746987952,2.240963855421686,0.0,83000000.0,51000.0,1,-0.0012376237623762387,-0.045454545454545414,0
DEU,Europe,Germany,2020-01-13,8596.0,1732.0,194.0,8.0,103.56626506024097,2.3373493975903616,0.0,83000000.0,51000.0,1,1.1462205700123915,-0.6190476190476191,1
DEU,Europe,Germany,2020-01-14,9438.0,842.0,214.0,20.0,113.71084337349396,2.5783132530120483,0.0,83000000.0,51000.0,1,-0.5138568129330254,1.5,0
DEU,Europe,Germany,2020-01-15,10232.0,794.0,230.0,16.0,123.27710843373497,2.7710843373493974,0.0,83000000.0,51000.0,1,-0.05700712589073631,-0.19999999999999996,0
DEU,Europe,Germany,2020-01-16,11134.0,902.0,250.0,20.0,134.14457831325302,3.012048192771084,0.0,83000000.0,51000.0,1,0.1360201511335013,0.25,0
DEU,Europe,Germany,2020-01-17,12076.0,942.0,263.0,13.0,145.49397590361446,3.1686746987951806,0.0,83000000.0,51000.0,1,0.04434589800443467,-0.35,0
DEU,Europe,Germany,2020-01-18,13003.0,927.0,287.0,24.0,156.66265060240963,3.4578313253012047,0.0,83000000.0,51000.0,1,-0.015923566878980888,0.8461538461538463,0
DEU,Europe,Germany,2020-01-19,13978.0,975.0,306.0,31.0,168.40963855421683,3.6867469879518073,0.0,83000000.0,51000.0,1,0.05177993527508096,0.29166666666666674,0
DEU,Europe,Germany,2020-01-20,14964.0,986.0,335.0,29.0,180.289156626506,4.0361445783132535,0.0,83000000.0,51000.0,1,0.011282051282051286,-0.06451612903225812,0
DEU,Europe,Germany,2020-01-21,15990.0,1026.0,353.0,18.0,192.6506024096385,4.253012048192772,0.0,83000000.0,51000.0,1,0.04056795131845847,-0.3793103448275862,1
DEU,Europe,Germany,2020-01-22,17038.0,1048.0,365.0,12.0,205.27710843373492,4.397590361445784,0.0,83000000.0,51000.0,1,0.021442495126705596,-0.33333333333333337,1
DEU,Europe,Germany,2020-01-23,18074.0,1036.0,381.0,16.0,217.75903614457832,4.590361445783133,0.0,83000000.0,51000.0,1,-0.011450381679389277,0.33333333333333326,1
DEU,Europe,Germany,2020-01-24,19122.0,1048.0,391.0,10.0,230.3855421686747,4.710843373493976,0.0,83000000.0,51000.0,1,0.01158301158301156,-0.375,1
DEU,Europe,Germany,2020-01-25,20211.0,1089.0,406.0,15.0,243.50602409638557,4.8915662650602405,0.0,83000000.0,51000.0,1,0.03912213740458026,0.5,1
DEU,Europe,Germany,2020-01-26,21282.0,1071.0,435.0,29.0,256.4096385542169,5.240963855421687,0.0,83000000.0,51000.0,1,-0.016528925619834656,0.9333333333333333,1
DEU,Europe,Germany,2020-01-27,22504.0,1222.0,462.0,27.0,271.132530120482,5.566265060240964,0.0,83000000.0,51000.0,1,0.14098972922502329,-0.06896551724137934,1
DEU,Europe,Germany,2020-01-28,23694.0,1190.0,486.0,24.0,285.46987951807233,5.855421686746988,0.0,83000000.0,51000.0,1,-0.026186579378068786,-0.11111111111111116,1
DEU,Europe,Germany,2020-01-29,24865.0,1171.0,502.0,16.0,299.5783132530121,6.048192771084337,0.0,83000000.0,51000.0,1,-0.015966386554621903,-0.33333333333333337,1
DEU,Europe,Germany,2020-01-30,26055.0,1190.0,522.0,20.0,313.9156626506024,6.289156626506024,0.0,83000000.0,51000.0,1,0.016225448334756587,0.25,1
DEU,Europe,Germany,2020-01-31,27354.0,1299.0,560.0,38.0,329.56626506024094,6.746987951807229,0.0,83000000.0,51000.0,1,0.09159663865546208,0.8999999999999999,1
DEU,Europe,Germany,2020-02-01,28591.0,1237.0,591.0,31.0,344.4698795180723,7.120481927710844,1018.0,83000000.0,51000.0,1,-0.04772902232486531,-0.1842105263157895,1
DEU,Europe,Germany,2020-02-02,29928.0,1337.0,610.0,19.0,360.578313253012,7.349397590361447,2021.0,83000000.0,51000.0,1,0.0808407437348424,-0.3870967741935484,1
DEU,Europe,Germany,2020-02-03,31261.0,1333.0,646.0,36.0,376.6385542168675,7.783132530120482,2999.0,83000000.0,51000.0,1,-0.0029917726252804977,0.894736842105263,1
DEU,Europe,Germany,2020-02-04,32663.0,1732.0,684.0,38.0,393.5301204819277,8.240963855421688,4030.0,83000000.0,51000.0,1,0.29932483120780184,0.05555555555555558,1
DEU,Europe,Germany,2020-02-05,34043.0,1380.0,709.0,25.0,410.1566265060241,8.542168674698795,5018.0,83000000.0,51000.0,1,-0.20323325635103928,-0.3421052631578947,1
DEU,Europe,Germany,2020-02-06,35468.0,1425.0,725.0,16.0,427.32530120481925,8.734939759036145,5990.0,83000000.0,51000.0,1,0.032608695652173836,-0.36,1
DEU,Europe,Germany,2020-02-07,36826.0,1358.0,752.0,27.0,443.6867469879518,9.060240963855422,6988.0,83000000.0,51000.0,1,-0.04701754385964907,0.6875,1
DEU,Europe,Germany,2020-02-08,38316.0,1490.0,787.0,35.0,461.6385542168675,9.481927710843374,7994.0,83000000.0,51000.0,1,0.09720176730486019,0.2962962962962963,1
DEU,Europe,Germany,2020-02-09,39843.0,1527.0,822.0,35.0,480.03614457831327,9.903614457831324,9031.0,83000000.0,51000.0,1,0.02483221476510078,0.0,1
DEU,Europe,Germany,2020-02-10,41367.0,1524.0,858.0,36.0,498.39759036144574,10.337349397590362,10048.0,83000000.0,51000.0,1,-0.0019646365422396617,0.02857142857142847,1
DEU,Europe,Germany,2020-02-11,42922.0,1555.0,900.0,42.0,517.1325301204819,10.843373493975903,11089.0,83000000.0,51000.0,1,0.020341207349081403,0.16666666666666674,1
DEU,Europe,Germany,2020-02-12,44514.0,1592.0,926.0,26.0,536.3132530120482,11.156626506024097,12112.0,83000000.0,51000.0,1,0.023794212218649413,-0.38095238095238093,1
DEU,Europe,Germany,2020-02-13,46130.0,1616.0,958.0,32.0,555.7831325301205,11.542168674698797,13124.0,83000000.0,51000.0,1,0.015075376884422065,0.23076923076923084,1
DEU,Europe,Germany,2020-02-14,47745.0,1615.0,999.0,41.0,575.2409638554217,12.036144578313252,14078.0,83000000.0,51000.0,1,-0.0006188118811880639,0.28125,1
DEU,Europe,Germany,2020-02-15,49375.0,1630.0,1026.0,27.0,594.8795180722891,12.361445783132533,15090.0,83000000.0,51000.0,1,0.009287925696594534,-0.3414634146341463,1
DEU,Europe,Germany,2020-02-16,50964.0,1589.0,1063.0,37.0,614.0240963855422,12.80722891566265,16030.0,83000000.0,51000.0,1,-0.0251533742331288,0.37037037037037046,1
DEU,Europe,Germany,2020-02-17,52664.0,1700.0,1099.0,36.0,634.5060240963855,13.240963855421686,17016.0,83000000.0,51000.0,1,0.06985525487728128,-0.027027027027026973,1
DEU,Europe,Germany,2020-02-18,54395.0,1731.0,1142.0,43.0,655.3614457831326,13.759036144578314,17902.0,83000000.0,51000.0,1,0.018235294117647127,0.19444444444444442,1
DEU,Europe,Germany,2020-02-19,56098.0,1703.0,1185.0,43.0,675.8795180722892,14.27710843373494,18919.0,83000000.0,51000.0,1,-0.016175621028307385,0.0,1
DEU,Europe,Germany,2020-02-20,57839.0,1741.0,1208.0,23.0,696.8554216867469,14.55421686746988,19948.0,83000000.0,51000.0,1,0.022313564298297228,-0.4651162790697675,1
DEU,Europe,Germany,2020-02-21,59577.0,1738.0,1249.0,41.0,717.7951807228916,15.048192771084336,20962.0,83000000.0,51000.0,1,-0.001723147616312426,0.7826086956521738,1
DEU,Europe,Germany,2020-02-22,61474.0,1897.0,1284.0,35.0,740.6506024096386,15.469879518072288,22029.0,83000000.0,51000.0,1,0.09148446490218642,-0.14634146341463417,1
DEU,Europe,Germany,2020-02-23,63316.0,1842.0,1312.0,28.0,762.843373493976,15.80722891566265,23075.0,83000000.0,51000.0,1,-0.028993147074327874,-0.19999999999999996,1
DEU,Europe,Germany,2020-02-24,65127.0,1811.0,1353.0,41.0,784.6626506024096,16.301204819277107,24063.0,83000000.0,51000.0,1,-0.016829533116178075,0.4642857142857142,1
DEU,Europe,Germany,2020-02-25,66999.0,1872.0,1378.0,25.0,807.2168674698795,16.602409638554214,25104.0,83000000.0,51000.0,1,0.03368304803975697,-0.3902439024390244,1
DEU,Europe,Germany,2020-02-26,68935.0,1936.0,1426.0,48.0,830.5421686746987,17.180722891566266,26115.0,83000000.0,51000.0,1,0.03418803418803429,0.9199999999999999,1
DEU,Europe,Germany,2020-02-27,70875.0,1940.0,1464.0,38.0,853.9156626506024,17.63855421686747,27071.0,83000000.0,51000.0,1,0.0020661157024792765,-0.20833333333333337,1
DEU,Europe,Germany,2020-02-28,72849.0,1974.0,1491.0,27.0,877.6987951807229,17.963855421686745,28070.0,83000000.0,51000.0,1,0.017525773195876226,-0.2894736842105263,1
DEU,Europe,Germany,2020-02-29,74834.0,1985.0,1542.0,51.0,901.6144578313252,18.57831325301205,29052.0,83000000.0,51000.0,1,0.005572441742654588,0.8888888888888888,1
DEU,Europe,Germany,2020-03-01,76820.0,1986.0,1585.0,43.0,925.5421686746988,19.096385542168672,30032.0,83000000.0,51000.0,1,0.0005037783375314575,-0.1568627450980392,1
DEU,Europe,Germany,2020-03-02,78901.0,2081.0,1607.0,22.0,950.6144578313252,19.36144578313253,31030.0,83000000.0,51000.0,1,0.04783484390735149,-0.4883720930232558,1
DEU,Europe,Germany,2020-03-03,80896.0,1995.0,1651.0,44.0,974.6506024096384,19.89156626506024,32049.0,83000000.0,51000.0,1,-0.04132628543969241,1.0,1
DEU,Europe,Germany,2020-03-04,82973.0,2077.0,1686.0,31.0,999.6746987951808,20.313253012048197,32956.0,83000000.0,51000.0,1,0.04110275689223064,-0.2954545454545454,1
DEU,Europe,Germany,2020-03-05,55864.0,2086.0,1730.0,44.0,1024.8072289156626,20.843373493975903,33974.0,83000000.0,51000.0,1,0.004333172845450095,0.4193548387096775,1
DEU,Europe,Germany,2020-03-06,87140.0,2081.0,1755.0,25.0,1049.879518072289,21.14457831325301,34986.0,83000000.0,51000.0,1,-0.0023969319271333056,-0.43181818181818177,1
DEU,Europe,Germany,2020-03-07,89187.0,2047.0,1804.0,49.0,1074.5421686746988,21.734939759036145,36027.0,83000000.0,51000.0,1,-0.016338298894762127,0.96,1
DEU,Europe,Germany,2020-03-08,91407.0,2220.0,1862.0,58.0,1101.2891566265062,22.433734939759034,36972.0,83000000.0,51000.0,1,0.08451392281387404,0.18367346938775508,1
DEU,Europe,Germany,2020-03-09,93613.0,2206.0,1904.0,42.0,1127.8674698795182,22.93975903614458,37985.0,83000000.0,51000.0,1,-0.006306306306306353,-0.27586206896551724,1
DEU,Europe,Germany,2020-03-10,95871.0,2258.0,1929.0,25.0,1155.0722891566263,23.24096385542169,38960.0,83000000.0,51000.0,1,0.02357207615593837,-0.40476190476190477,1
DEU,Europe,Germany,2020-03-11,98183.0,2312.0,1997.0,68.0,1182.9277108433737,24.060240963855424,39945.0,83000000.0,51000.0,1,0.023914968999114272,1.7200000000000002,1
DEU,Europe,Germany,2020-03-12,100501.0,2318.0,2043.0,46.0,1210.855421686747,24.614457831325304,40950.0,83000000.0,51000.0,1,0.002595155709342656,-0.32352941176470584,1
DEU,Europe,Germany,2020-03-13,102755.0,2254.0,2068.0,25.0,1238.012048192771,24.91566265060241,41947.0,83000000.0,51000.0,1,-0.02761000862812768,-0.4565217391304348,1
DEU,Europe,Germany,2020-03-14,105113.0,2358.0,2111.0,43.0,1266.421686746988,25.43373493975904,42933.0,83000000.0,51000.0,1,0.04614019520851809,0.72,1
DEU,Europe,Germany,2020-03-15,107525.0,2412.0,2156.0,45.0,1295.4819277108434,25.97590361445783,43954.0,83000000.0,51000.0,1,0.022900763358778553,0.04651162790697683,1
DEU,Europe,Germany,2020-03-16,109964.0,2439.0,2200.0,44.0,1324.867469879518,26.50602409638554,44933.0,83000000.0,51000.0,1,0.011194029850746245,-0.022222222222222254,1
DEU,Europe,Germany,2020-03-17,112444.0,2480.0,2255.0,55.0,1354.7469879518071,27.16867469879518,45945.0,83000000.0,51000.0,1,0.01681016810168101,0.25,1
DEU,Europe,Germany,2020-03-18,114806.0,2362.0,2321.0,66.0,1383.2048192771083,27.963855421686745,46912.0,83000000.0,51000.0,1,-0.04758064516129035,0.19999999999999996,1
DEU,Europe,Germany,2020-03-19,117316.0,2510.0,2358.0,31.0,1413.44578313253,28.409638554216865,47953.0,83000000.0,51000.0,1,0.06265876375952573,-0.5303030303030303,1
DEU,Europe,Germany,2020-03-20,119793.0,2477.0,2412.0,54.0,1443.289156626506,29.060240963855424,48918.0,83000000.0,51000.0,1,-0.013147410358565703,0.7419354838709677,1
DEU,Europe,Germany,2020-03-21,122316.0,2523.0,2476.0,64.0,1473.686746987952,29.83132530120482,49914.0,83000000.0,51000.0,1,0.018570851836899438,0.18518518518518512,1
DEU,Europe,Germany,2020-03-22,124750.0,2434.0,2525.0,49.0,1503.012048192771,30.42168674698795,50899.0,83000000.0,51000.0,1,-0.035275465715418175,-0.234375,1
DEU,Europe,Germany,2020-03-23,127290.0,2540.0,2581.0,56.0,1533.6144578313254,31.09638554216868,51918.0,83000000.0,51000.0,1,0.04354971240755967,0.1428571428571428,1
DEU,Europe,Germany,2020-03-24,129809.0,2519.0,2643.0,62.0,1563.9638554216867,31.843373493975907,52933.0,83000000.0,51000.0,1,-0.008267716535433123,0.1071428571428572,1
DEU,Europe,Germany,2020-03-25,132468.0,1732.0,2700.0,57.0,1596.0,32.53012048192771,53974.0,83000000.0,51000.0,1,-0.3124255657006749,-0.08064516129032262,1
DEU,Europe,Germany,2020-03-26,55864.0,2552.0,2728.0,28.0,1626.7469879518071,32.86746987951808,54977.0,83000000.0,51000.0,1,0.47344110854503474,-0.5087719298245614,1
DEU,Europe,Germany,2020-03-27,137535.0,2515.0,2775.0,47.0,1657.0481927710844,33.433734939759034,56038.0,83000000.0,51000.0,1,-0.014498432601880884,0.6785714285714286,1
DEU,Europe,Germany,2020-03-28,140211.0,2676.0,2809.0,34.0,1689.2891566265062,33.8433734939759,57051.0,83000000.0,51000.0,1,0.06401590457256456,-0.276595744680851,1
DEU,Europe,Germany,2020-03-29,142904.0,2693.0,2862.0,53.0,1721.7349397590365,34.48192771084337,58066.0,83000000.0,51000.0,1,0.006352765321375298,0.5588235294117647,1
DEU,Europe,Germany,2020-03-30,145661.0,2757.0,2926.0,64.0,1754.9518072289156,35.253012048192765,59165.0,83000000.0,51000.0,1,0.023765317489788274,0.2075471698113207,1
DEU,Europe,Germany,2020-03-31,148437.0,2776.0,3001.0,75.0,1788.397590361446,36.1566265060241,60132.0,83000000.0,51000.0,1,0.00689154878491105,0.171875,1
DEU,Europe,Germany,2020-04-01,151240.0,2803.0,3063.0,62.0,1822.1686746987957,36.90361445783133,61173.0,83000000.0,51000.0,1,0.009726224783861648,-0.17333333333333334,1
DEU,Europe,Germany,2020-04-02,55864.0,2829.0,3103.0,40.0,1856.2530120481929,37.3855421686747,62188.0,83000000.0,51000.0,1,0.009275775954334708,-0.3548387096774194,1
DEU,Europe,Germany,2020-04-03,156917.0,2848.0,3168.0,65.0,1890.566265060241,38.16867469879519,63229.0,83000000.0,51000.0,1,0.0067161541180629225,0.625,1
DEU,Europe,Germany,2020-04-04,159777.0,2860.0,3246.0,78.0,1925.0240963855424,39.10843373493976,64220.0,83000000.0,51000.0,1,0.004213483146067398,0.19999999999999996,1
DEU,Europe,Germany,2020-04-05,162678.0,2901.0,3319.0,73.0,1959.9759036144576,39.98795180722892,65250.0,83000000.0,51000.0,1,0.014335664335664244,-0.0641025641025641,1
DEU,Europe,Germany,2020-04-06,165633.0,2955.0,3380.0,61.0,1995.578313253012,40.722891566265055,66238.0,83000000.0,51000.0,1,0.018614270941054833,-0.1643835616438356,1
DEU,Europe,Germany,2020-04-07,168589.0,2956.0,3436.0,56.0,2031.1927710843368,41.39759036144578,67212.0,83000000.0,51000.0,1,0.00033840947546526223,-0.08196721311475408,1
DEU,Europe,Germany,2020-04-08,171493.0,2904.0,3500.0,64.0,2066.1807228915663,42.16867469879518,68228.0,83000000.0,51000.0,1,-0.017591339648173165,0.1428571428571428,1
DEU,Europe,Germany,2020-04-09,55864.0,2969.0,3580.0,80.0,2101.951807228916,43.13253012048193,69230.0,83000000.0,51000.0,1,0.022382920110192828,0.25,1
IND,Asia,India,2020-01-01,492.0,492.0,10.0,10.0,0.3565217391304348,0.0072463768115942,0.0,1380000000.0,21000.0,2,0.0,0.0,0
IND,Asia,India,2020-01-02,1019.0,527.0,23.0,13.0,0.7384057971014493,0.0166666666666666,0.0,1380000000.0,21000.0,2,0.07113821138211374,0.30000000000000004,0
IND,Asia,India,2020-01-03,1593.0,574.0,39.0,16.0,1.1543478260869566,0.0282608695652173,0.0,1380000000.0,21000.0,2,0.08918406072106255,0.23076923076923084,0
IND,Asia,India,2020-01-04,2204.0,611.0,56.0,17.0,1.5971014492753624,0.0405797101449275,0.0,1380000000.0,21000.0,2,0.06445993031358888,0.0625,0
IND,Asia,India,2020-01-05,2793.0,589.0,67.0,11.0,2.023913043478261,0.0485507246376811,0.0,1380000000.0,21000.0,2,-0.036006546644844484,-0.3529411764705882,0
IND,Asia,India,2020-01-06,3399.0,606.0,76.0,9.0,2.463043478260869,0.0550724637681159,0.0,1380000000.0,21000.0,2,0.028862478777589073,-0.18181818181818177,0
IND,Asia,India,2020-01-07,4074.0,675.0,86.0,10.0,2.9521739130434783,0.0623188405797101,0.0,1380000000.0,21000.0,2,0.11386138613861396,0.11111111111111116,0
IND,Asia,India,2020-01-08,4757.0,683.0,96.0,10.0,3.447101449275362,0.0695652173913043,0.0,1380000000.0,21000.0,2,0.01185185185185178,0.0,0
IND,Asia,India,2020-01-09,5450.0,693.0,105.0,9.0,3.949275362318841,0.0760869565217391,0.0,1380000000.0,21000.0,2,0.014641288433382194,-0.09999999999999998,0
IND,Asia,India,2020-01-10,6189.0,739.0,120.0,15.0,4.484782608695652,0.0869565217391304,0.0,1380000000.0,21000.0,2,0.06637806637806642,0.6666666666666667,0
IND,Asia,India,2020-01-11,6956.0,767.0,136.0,16.0,5.040579710144927,0.0985507246376811,0.0,1380000000.0,21000.0,2,0.03788903924221931,0.06666666666666665,0
IND,Asia,India,2020-01-12,7730.0,774.0,152.0,16.0,5.601449275362318,0.1101449275362318,0.0,1380000000.0,21000.0,2,0.009126466753585305,0.0,0
IND,Asia,India,2020-01-13,8595.0,865.0,174.0,22.0,6.228260869565217,0.1260869565217391,0.0,1380000000.0,21000.0,2,0.11757105943152446,0.375,0
IND,Asia,India,2020-01-14,9460.0,865.0,186.0,12.0,6.855072463768116,0.1347826086956521,0.0,1380000000.0,21000.0,2,0.0,-0.4545454545454546,0
IND,Asia,India,2020-01-15,10319.0,859.0,209.0,23.0,7.477536231884058,0.1514492753623188,0.0,1380000000.0,21000.0,2,-0.006936416184971095,0.9166666666666667,0
IND,Asia,India,2020-01-16,11239.0,920.0,222.0,13.0,8.144202898550724,0.1608695652173913,0.0,1380000000.0,21000.0,2,0.07101280558789291,-0.4347826086956522,0
IND,Asia,India,2020-01-17,12165.0,926.0,246.0,24.0,8.815217391304348,0.1782608695652174,0.0,1380000000.0,21000.0,2,0.006521739130434856,0.8461538461538463,0
IND,Asia,India,2020-01-18,55864.0,918.0,256.0,10.0,9.480434782608697,0.1855072463768116,0.0,1380000000.0,21000.0,2,-0.008639308855291628,-0.5833333333333333,0
IND,Asia,India,2020-01-19,14044.0,961.0,276.0,20.0,10.1768115942029,0.1999999999999999,0.0,1380000000.0,21000.0,2,0.046840958605664396,1.0,0
IND,Asia,India,2020-01-20,14985.0,941.0,301.0,25.0,10.858695652173914,0.2181159420289855,0.0,1380000000.0,21000.0,2,-0.020811654526534884,0.25,0
IND,Asia,India,2020-01-21,15957.0,972.0,311.0,10.0,11.56304347826087,0.2253623188405797,0.0,1380000000.0,21000.0,2,0.032943676939426236,-0.6,0
IND,Asia,India,2020-01-22,16995.0,1038.0,332.0,21.0,12.315217391304348,0.2405797101449275,0.0,1380000000.0,21000.0,2,0.06790123456790131,1.1,1
IND,Asia,India,2020-01-23,18018.0,1023.0,354.0,22.0,13.056521739130435,0.2565217391304348,0.0,1380000000.0,21000.0,2,-0.014450867052023142,0.04761904761904767,1
IND,Asia,India,2020-01-24,19052.0,1034.0,372.0,18.0,13.805797101449276,0.2695652173913043,0.0,1380000000.0,21000.0,2,0.010752688172043001,-0.18181818181818177,1
IND,Asia,India,2020-01-25,20145.0,1093.0,398.0,26.0,14.597826086956522,0.2884057971014492,0.0,1380000000.0,21000.0,2,0.05705996131528046,0.4444444444444444,1
IND,Asia,India,2020-01-26,21220.0,1075.0,421.0,23.0,15.376811594202898,0.305072463768116,0.0,1380000000.0,21000.0,2,-0.016468435498627643,-0.11538461538461542,1
IND,Asia,India,2020-01-27,22347.0,1127.0,434.0,13.0,16.193478260869565,0.3144927536231884,0.0,1380000000.0,21000.0,2,0.04837209302325585,-0.4347826086956522,1
IND,Asia,India,2020-01-28,23572.0,1225.0,454.0,20.0,17.081159420289854,0.3289855072463768,0.0,1380000000.0,21000.0,2,0.08695652173913038,0.5384615384615385,1
IND,Asia,India,2020-01-29,24743.0,1171.0,467.0,13.0,17.929710144927537,0.3384057971014492,0.0,1380000000.0,21000.0,2,-0.0440816326530612,-0.35,1
IND,Asia,India,2020-01-30,25970.0,1227.0,498.0,31.0,18.818840579710145,0.3608695652173913,0.0,1380000000.0,21000.0,2,0.04782237403928269,1.3846153846153846,1
IND,Asia,India,2020-01-31,27191.0,1221.0,531.0,33.0,19.7036231884058,0.3847826086956522,0.0,1380000000.0,21000.0,2,-0.004889975550122272,0.06451612903225801,1
IND,Asia,India,2020-02-01,28482.0,1291.0,552.0,21.0,20.639130434782608,0.3999999999999999,984.0,1380000000.0,21000.0,2,0.05733005733005725,-0.36363636363636365,1
IND,Asia,India,2020-02-02,29788.0,1306.0,577.0,25.0,21.58550724637681,0.4181159420289855,1920.0,1380000000.0,21000.0,2,0.01161890007745936,0.19047619047619047,1
IND,Asia,India,2020-02-03,31204.0,1416.0,610.0,33.0,22.611594202898548,0.4420289855072464,2890.0,1380000000.0,21000.0,2,0.08422664624808585,0.32000000000000006,1
IND,Asia,India,2020-02-04,32497.0,1293.0,642.0,32.0,23.54855072463768,0.4652173913043478,3876.0,1380000000.0,21000.0,2,-0.08686440677966101,-0.030303030303030276,1
IND,Asia,India,2020-02-05,33842.0,1345.0,659.0,17.0,24.5231884057971,0.4775362318840579,4880.0,1380000000.0,21000.0,2,0.04021655065738594,-0.46875,1
IND,Asia,India,2020-02-06,35244.0,1402.0,675.0,16.0,25.539130434782606,0.4891304347826086,5905.0,1380000000.0,21000.0,2,0.0423791821561339,-0.05882352941176472,1
IND,Asia,India,2020-02-07,36709.0,1465.0,710.0,35.0,26.60072463768116,0.5144927536231884,6817.0,1380000000.0,21000.0,2,0.04493580599144087,1.1875,1
IND,Asia,India,2020-02-08,38132.0,1423.0,726.0,16.0,27.63188405797101,0.5260869565217391,7879.0,1380000000.0,21000.0,2,-0.02866894197952219,-0.5428571428571429,1
IND,Asia,India,2020-02-09,39585.0,1453.0,753.0,27.0,28.68478260869565,0.5456521739130434,8888.0,1380000000.0,21000.0,2,0.0210822206605763,0.6875,1
IND,Asia,India,2020-02-10,41151.0,1566.0,799.0,46.0,29.819565217391304,0.5789855072463769,9926.0,1380000000.0,21000.0,2,0.07777013076393668,0.7037037037037037,1
IND,Asia,India,2020-02-11,42749.0,1598.0,841.0,42.0,30.977536231884056,0.6094202898550725,10915.0,1380000000.0,21000.0,2,0.020434227330779153,-0.08695652173913049,1
IND,Asia,India,2020-02-12,44350.0,1601.0,882.0,41.0,32.13768115942029,0.6391304347826087,11897.0,1380000000.0,21000.0,2,0.001877346683354153,-0.023809523809523836,1
IND,Asia,India,2020-02-13,45914.0,1564.0,919.0,37.0,33.27101449275362,0.6659420289855073,12883.0,1380000000.0,21000.0,2,-0.023110555902560947,-0.09756097560975607,1
IND,Asia,India,2020-02-14,47530.0,1616.0,939.0,20.0,34.44202898550724,0.6804347826086956,13922.0,1380000000.0,21000.0,2,0.03324808184143224,-0.45945945945945943,1
IND,Asia,India,2020-02-15,49153.0,1623.0,980.0,41.0,35.618115942028986,0.7101449275362319,14888.0,1380000000.0,21000.0,2,0.004331683168316891,1.0499999999999998,1
IND,Asia,India,2020-02-16,50791.0,1638.0,1008.0,28.0,36.80507246376812,0.7304347826086957,15828.0,1380000000.0,21000.0,2,0.009242144177449063,-0.31707317073170727,1
IND,Asia,India,2020-02-17,52472.0,1681.0,1039.0,31.0,38.0231884057971,0.7528985507246377,16810.0,1380000000.0,21000.0,2,0.026251526251526158,0.1071428571428572,1
IND,Asia,India,2020-02-18,54165.0,1693.0,1077.0,38.0,39.25,0.7804347826086956,17782.0,1380000000.0,21000.0,2,0.007138607971445499,0.22580645161290325,1
IND,Asia,India,2020-02-19,55908.0,1732.0,1096.0,19.0,40.51304347826087,0.7942028985507246,18810.0,1380000000.0,21000.0,2,0.023036030714707723,-0.5,1
IND,Asia,India,2020-02-20,57571.0,1663.0,1145.0,49.0,41.71811594202899,0.8297101449275363,19785.0,1380000000.0,21000.0,2,-0.039838337182448,1.5789473684210527,1
IND,Asia,India,2020-02-21,59289.0,1718.0,1165.0,20.0,42.96304347826087,0.8442028985507246,20803.0,1380000000.0,21000.0,2,0.03307276007215876,-0.5918367346938775,1
IND,Asia,India,2020-02-22,61132.0,1843.0,1194.0,29.0,44.298550724637686,0.8652173913043478,21814.0,1380000000.0,21000.0,2,0.07275902211874263,0.44999999999999996,1
IND,Asia,India,2020-02-23,62948.0,1816.0,1244.0,50.0,45.61449275362319,0.9014492753623188,22809.0,1380000000.0,21000.0,2,-0.014650027129679888,0.7241379310344827,1
IND,Asia,India,2020-02-24,64781.0,1833.0,1292.0,48.0,46.9427536231884,0.936231884057971,23831.0,1380000000.0,21000.0,2,0.009361233480176256,-0.040000000000000036,1
IND,Asia,India,2020-02-25,66654.0,1873.0,1320.0,28.0,48.3,0.9565217391304348,24856.0,1380000000.0,21000.0,2,0.021822149481723896,-0.41666666666666663,1
IND,Asia,India,2020-02-26,68558.0,1904.0,1339.0,19.0,49.67971014492754,0.970289855072464,25855.0,1380000000.0,21000.0,2,0.016550987720235,-0.3214285714285714,1
IND,Asia,India,2020-02-27,70489.0,1931.0,1390.0,51.0,51.07898550724637,1.007246376811594,26806.0,1380000000.0,21000.0,2,0.014180672268907513,1.6842105263157894,1
IND,Asia,India,2020-02-28,72387.0,1898.0,1436.0,46.0,52.45434782608696,1.0405797101449274,27804.0,1380000000.0,21000.0,2,-0.01708959088555151,-0.0980392156862745,1
IND,Asia,India,2020-02-29,74348.0,1961.0,1486.0,50.0,53.87536231884058,1.0768115942028986,28832.0,1380000000.0,21000.0,2,0.033192834562697504,0.08695652173913038,1
IND,Asia,India,2020-03-01,76373.0,2025.0,1516.0,30.0,55.3427536231884,1.098550724637681,29868.0,1380000000.0,21000.0,2,0.032636409994900584,-0.4,1
IND,Asia,India,2020-03-02,78467.0,2094.0,1563.0,47.0,56.86014492753623,1.132608695652174,30883.0,1380000000.0,21000.0,2,0.034074074074074145,0.5666666666666667,1
IND,Asia,India,2020-03-03,80535.0,2068.0,1586.0,23.0,58.35869565217392,1.1492753623188403,31885.0,1380000000.0,21000.0,2,-0.012416427889207271,-0.5106382978723405,1
IND,Asia,India,2020-03-04,82643.0,2108.0,1635.0,49.0,59.88623188405797,1.184782608695652,32805.0,1380000000.0,21000.0,2,0.01934235976789167,1.1304347826086958,1
IND,Asia,India,2020-03-05,84773.0,2130.0,1659.0,24.0,61.42971014492753,1.2021739130434783,33828.0,1380000000.0,21000.0,2,0.010436432637571214,-0.5102040816326531,1
IND,Asia,India,2020-03-06,86870.0,2097.0,1712.0,53.0,62.94927536231884,1.2405797101449274,34843.0,1380000000.0,21000.0,2,-0.015492957746478853,1.2083333333333335,1
IND,Asia,India,2020-03-07,88971.0,2101.0,1760.0,48.0,64.47173913043478,1.2753623188405796,35869.0,1380000000.0,21000.0,2,0.0019074868860275984,-0.09433962264150941,1
IND,Asia,India,2020-03-08,91185.0,2214.0,1799.0,39.0,66.07608695652175,1.3036231884057972,36840.0,1380000000.0,21000.0,2,0.05378391242265579,-0.1875,1
IND,Asia,India,2020-03-09,93400.0,2215.0,1849.0,50.0,67.68115942028986,1.339855072463768,37843.0,1380000000.0,21000.0,2,0.0004516711833784104,0.28205128205128216,1
IND,Asia,India,2020-03-10,95639.0,1732.0,1904.0,55.0,69.3036231884058,1.3797101449275362,38875.0,1380000000.0,21000.0,2,-0.218058690744921,0.10000000000000009,1
IND,Asia,India,2020-03-11,97827.0,2188.0,1966.0,62.0,70.88913043478261,1.4246376811594204,39848.0,1380000000.0,21000.0,2,0.26327944572748274,0.1272727272727272,1
IND,Asia,India,2020-03-12,100093.0,2266.0,2016.0,50.0,72.53115942028985,1.4608695652173913,40914.0,1380000000.0,21000.0,2,0.03564899451553938,-0.19354838709677424,1
IND,Asia,India,2020-03-13,102328.0,2235.0,2077.0,61.0,74.15072463768117,1.505072463768116,41927.0,1380000000.0,21000.0,2,-0.013680494263018539,0.21999999999999997,1
IND,Asia,India,2020-03-14,104702.0,2374.0,2140.0,63.0,75.87101449275363,1.5507246376811594,42981.0,1380000000.0,21000.0,2,0.062192393736017815,0.032786885245901676,1
IND,Asia,India,2020-03-15,107090.0,2388.0,2204.0,64.0,77.60144927536231,1.5971014492753624,44003.0,1380000000.0,21000.0,2,0.005897219882055493,0.015873015873015817,1
IND,Asia,India,2020-03-16,109487.0,2397.0,2254.0,50.0,79.33840579710146,1.6333333333333333,44925.0,1380000000.0,21000.0,2,0.0037688442211054607,-0.21875,1
IND,Asia,India,2020-03-17,111824.0,2337.0,2315.0,61.0,81.03188405797101,1.677536231884058,45897.0,1380000000.0,21000.0,2,-0.025031289111389188,0.21999999999999997,1
IND,Asia,India,2020-03-18,114305.0,2481.0,2366.0,51.0,82.82971014492753,1.7144927536231884,46905.0,1380000000.0,21000.0,2,0.06161745827984588,-0.16393442622950816,1
IND,Asia,India,2020-03-19,116725.0,2420.0,2423.0,57.0,84.58333333333333,1.7557971014492753,47947.0,1380000000.0,21000.0,2,-0.024586860137041477,0.11764705882352944,1
IND,Asia,India,2020-03-20,119240.0,2515.0,2471.0,48.0,86.40579710144927,1.7905797101449274,48899.0,1380000000.0,21000.0,2,0.03925619834710736,-0.1578947368421053,1
IND,Asia,India,2020-03-21,121787.0,2547.0,2524.0,53.0,88.25144927536232,1.8289855072463768,49921.0,1380000000.0,21000.0,2,0.012723658051689846,0.10416666666666674,1
IND,Asia,India,2020-03-22,124262.0,2475.0,2587.0,63.0,90.04492753623188,1.8746376811594203,50926.0,1380000000.0,21000.0,2,-0.028268551236749095,0.18867924528301883,1
IND,Asia,India,2020-03-23,126852.0,2590.0,2651.0,64.0,91.9217391304348,1.9210144927536237,51914.0,1380000000.0,21000.0,2,0.04646464646464654,0.015873015873015817,1
IND,Asia,India,2020-03-24,129367.0,2515.0,2720.0,69.0,93.74420289855072,1.9710144927536235,52909.0,1380000000.0,21000.0,2,-0.02895752895752901,0.078125,1
IND,Asia,India,2020-03-25,132039.0,2672.0,2767.0,47.0,95.6804347826087,2.005072463768116,53901.0,1380000000.0,21000.0,2,0.062425447316103444,-0.3188405797101449,1
IND,Asia,India,2020-03-26,134642.0,2603.0,2797.0,30.0,97.56666666666666,2.0268115942028984,54909.0,1380000000.0,21000.0,2,-0.02582335329341312,-0.36170212765957444,1
IND,Asia,India,2020-03-27,137313.0,2671.0,2854.0,57.0,99.50217391304348,2.0681159420289856,55914.0,1380000000.0,21000.0,2,0.026123703419131727,0.8999999999999999,1
IND,Asia,India,2020-03-28,140003.0,2690.0,2924.0,70.0,101.45144927536232,2.1188405797101453,56892.0,1380000000.0,21000.0,2,0.007113440658929271,0.22807017543859653,1
IND,Asia,India,2020-03-29,142703.0,2700.0,2954.0,30.0,103.40797101449274,2.1405797101449275,57877.0,1380000000.0,21000.0,2,0.0037174721189590088,-0.5714285714285714,1
IND,Asia,India,2020-03-30,145460.0,2757.0,3010.0,56.0,105.40579710144928,2.1811594202898554,58872.0,1380000000.0,21000.0,2,0.02111111111111108,0.8666666666666667,1
IND,Asia,India,2020-03-31,148184.0,2724.0,3042.0,32.0,107.37971014492754,2.204347826086957,59844.0,1380000000.0,21000.0,2,-0.01196953210010876,-0.4285714285714286,1
IND,Asia,India,2020-04-01,151059.0,2875.0,3094.0,52.0,109.46304347826089,2.2420289855072464,60856.0,1380000000.0,21000.0,2,0.055433186490455144,0.625,1
IND,Asia,India,2020-04-02,153786.0,2727.0,3167.0,73.0,111.4391304347826,2.294927536231884,61845.0,1380000000.0,21000.0,2,-0.051478260869565196,0.40384615384615374,1
IND,Asia,India,2020-04-03,156624.0,2838.0,3215.0,48.0,113.49565217391304,2.329710144927536,62830.0,1380000000.0,21000.0,2,0.040704070407040716,-0.34246575342465757,1
IND,Asia,India,2020-04-04,159438.0,2814.0,3259.0,44.0,115.53478260869566,2.3615942028985506,63895.0,1380000000.0,21000.0,2,-0.008456659619450302,-0.08333333333333337,1
IND,Asia,India,2020-04-05,162302.0,2864.0,3335.0,76.0,117.61014492753624,2.4166666666666665,64863.0,1380000000.0,21000.0,2,0.01776830135039087,0.7272727272727273,1
IND,Asia,India,2020-04-06,165196.0,2894.0,3371.0,36.0,119.7072463768116,2.442753623188405,65809.0,1380000000.0,21000.0,2,0.010474860335195624,-0.5263157894736843,1
IND,Asia,India,2020-04-07,168120.0,2924.0,3442.0,71.0,121.82608695652176,2.4942028985507245,66835.0,1380000000.0,21000.0,2,0.010366275051831408,0.9722222222222223,1
IND,Asia,India,2020-04-08,171087.0,2967.0,3516.0,74.0,123.97608695652174,2.5478260869565217,67849.0,1380000000.0,21000.0,2,0.014705882352941124,0.04225352112676051,1
IND,Asia,India,2020-04-09,173960.0,2873.0,3560.0,44.0,126.05797101449276,2.579710144927536,68826.0,1380000000.0,21000.0,2,-0.03168183350185372,-0.4054054054054054,1
ZAF,Africa,South Africa,2020-01-01,470.0,470.0,7.0,7.0,7.966101694915255,0.1186440677966101,0.0,59000000.0,13000.0,5,0.0,0.0,0
ZAF,Africa,South Africa,2020-01-02,968.0,498.0,21.0,14.0,16.406779661016948,0.3559322033898305,0.0,59000000.0,13000.0,5,0.05957446808510647,1.0,0
ZAF,Africa,South Africa,2020-01-03,1517.0,549.0,32.0,11.0,25.71186440677966,0.5423728813559322,0.0,59000000.0,13000.0,5,0.10240963855421681,-0.2142857142857143,0
ZAF,Africa,South Africa,2020-01-04,2083.0,566.0,39.0,7.0,35.30508474576271,0.6610169491525424,0.0,59000000.0,13000.0,5,0.030965391621129434,-0.36363636363636365,0
ZAF,Africa,South Africa,2020-01-05,2703.0,620.0,51.0,12.0,45.813559322033896,0.864406779661017,0.0,59000000.0,13000.0,5,0.09540636042402828,0.7142857142857142,0
ZAF,Africa,South Africa,2020-01-06,3327.0,624.0,68.0,17.0,56.38983050847458,1.152542372881356,0.0,59000000.0,13000.0,5,0.006451612903225712,0.41666666666666674,0
ZAF,Africa,South Africa,2020-01-07,4004.0,677.0,82.0,14.0,67.86440677966102,1.389830508474576,0.0,59000000.0,13000.0,5,0.08493589743589736,-0.17647058823529416,0
ZAF,Africa,South Africa,2020-01-08,4742.0,738.0,90.0,31.0,80.37288135593221,1.5254237288135597,0.0,59000000.0,13000.0,5,0.09010339734121131,1.2142857142857144,0
ZAF,Africa,South Africa,2020-01-09,5474.0,732.0,109.0,19.0,92.77966101694916,1.847457627118644,0.0,59000000.0,13000.0,5,-0.008130081300813052,-0.3870967741935484,0
ZAF,Africa,South Africa,2020-01-10,6238.0,764.0,130.0,21.0,105.72881355932203,2.2033898305084745,0.0,59000000.0,13000.0,5,0.04371584699453557,0.10526315789473695,0
ZAF,Africa,South Africa,2020-01-11,6984.0,746.0,146.0,16.0,118.3728813559322,2.4745762711864407,0.0,59000000.0,13000.0,5,-0.023560209424083767,-0.23809523809523814,0
ZAF,Africa,South Africa,2020-01-12,7809.0,825.0,162.0,16.0,132.35593220338984,2.745762711864407,0.0,59000000.0,13000.0,5,0.10589812332439674,0.0,0
ZAF,Africa,South Africa,2020-01-13,8625.0,816.0,181.0,19.0,146.1864406779661,3.067796610169492,0.0,59000000.0,13000.0,5,-0.010909090909090868,0.1875,0
ZAF,Africa,South Africa,2020-01-14,9413.0,788.0,194.0,13.0,159.54237288135593,3.2881355932203387,0.0,59000000.0,13000.0,5,-0.03431372549019607,-0.3157894736842105,0
ZAF,Africa,South Africa,2020-01-15,10291.0,878.0,206.0,12.0,174.42372881355934,3.491525423728813,0.0,59000000.0,13000.0,5,0.1142131979695431,-0.07692307692307687,0
ZAF,Africa,South Africa,2020-01-16,11240.0,949.0,234.0,28.0,190.5084745762712,3.9661016949152543,0.0,59000000.0,13000.0,5,0.0808656036446469,1.3333333333333335,0
ZAF,Africa,South Africa,2020-01-17,12156.0,916.0,248.0,14.0,206.0338983050848,4.203389830508475,0.0,59000000.0,13000.0,5,-0.03477344573234986,-0.5,0
ZAF,Africa,South Africa,2020-01-18,13115.0,959.0,260.0,12.0,222.28813559322035,4.406779661016949,0.0,59000000.0,13000.0,5,0.04694323144104806,-0.1428571428571429,0
ZAF,Africa,South Africa,2020-01-19,14089.0,974.0,282.0,22.0,238.79661016949157,4.779661016949152,0.0,59000000.0,13000.0,5,0.01564129301355588,0.8333333333333333,0
ZAF,Africa,South Africa,2020-01-20,15090.0,1001.0,304.0,22.0,255.76271186440675,5.152542372881356,0.0,59000000.0,13000.0,5,0.02772073921971252,0.0,1
ZAF,Africa,South Africa,2020-01-21,16039.0,949.0,314.0,10.0,271.8474576271186,5.322033898305085,0.0,59000000.0,13000.0,5,-0.051948051948051965,-0.5454545454545454,0
ZAF,Africa,South Africa,2020-01-22,17055.0,1016.0,325.0,11.0,289.06779661016947,5.508474576271186,0.0,59000000.0,13000.0,5,0.07060063224446789,0.10000000000000009,1
ZAF,Africa,South Africa,2020-01-23,18091.0,1036.0,352.0,27.0,306.62711864406776,5.966101694915254,0.0,59000000.0,13000.0,5,0.019685039370078705,1.4545454545454546,1
ZAF,Africa,South Africa,2020-01-24,19238.0,1147.0,385.0,33.0,326.06779661016947,6.525423728813559,0.0,59000000.0,13000.0,5,0.1071428571428572,0.22222222222222232,1
ZAF,Africa,South Africa,2020-01-25,20340.0,1102.0,397.0,12.0,344.7457627118644,6.728813559322034,0.0,59000000.0,13000.0,5,-0.03923278116826501,-0.6363636363636364,1
ZAF,Africa,South Africa,2020-01-26,21465.0,1125.0,424.0,27.0,363.8135593220339,7.186440677966101,0.0,59000000.0,13000.0,5,0.020871143375680523,1.25,1
ZAF,Africa,South Africa,2020-01-27,22538.0,1073.0,443.0,19.0,382.0,7.508474576271186,0.0,59000000.0,13000.0,5,-0.046222222222222276,-0.2962962962962963,1
ZAF,Africa,South Africa,2020-01-28,23692.0,1154.0,461.0,18.0,401.5593220338983,7.813559322033899,0.0,59000000.0,13000.0,5,0.07548928238583419,-0.052631578947368474,1
ZAF,Africa,South Africa,2020-01-29,24883.0,1191.0,480.0,19.0,421.7457627118644,8.135593220338983,0.0,59000000.0,13000.0,5,0.03206239168110914,0.05555555555555558,1
ZAF,Africa,South Africa,2020-01-30,26106.0,1223.0,507.0,27.0,442.4745762711864,8.59322033898305,0.0,59000000.0,13000.0,5,0.026868178001679288,0.42105263157894735,1
ZAF,Africa,South Africa,2020-01-31,27341.0,1235.0,522.0,15.0,463.4067796610169,8.847457627118644,0.0,59000000.0,13000.0,5,0.009811937857726827,-0.4444444444444444,1
ZAF,Africa,South Africa,2020-02-01,28667.0,1326.0,547.0,31.0,485.8813559322034,9.271186440677964,1008.0,59000000.0,13000.0,5,0.0736842105263158,1.0666666666666669,1
ZAF,Africa,South Africa,2020-02-02,29901.0,1234.0,565.0,18.0,506.79661016949154,9.576271186440678,2028.0,59000000.0,13000.0,5,-0.06938159879336347,-0.4193548387096774,1
ZAF,Africa,South Africa,2020-02-03,31261.0,1360.0,592.0,27.0,529.8474576271186,10.033898305084746,2989.0,59000000.0,13000.0,5,0.10210696920583473,0.5,1
ZAF,Africa,South Africa,2020-02-04,32586.0,1325.0,612.0,20.0,552.3050847457627,10.372881355932202,3949.0,59000000.0,13000.0,5,-0.02573529411764708,-0.2592592592592593,1
ZAF,Africa,South Africa,2020-02-05,33881.0,1295.0,633.0,21.0,574.2542372881356,10.728813559322033,4875.0,59000000.0,13000.0,5,-0.02264150943396226,0.050000000000000044,1
ZAF,Africa,South Africa,2020-02-06,35304.0,1423.0,671.0,38.0,598.3728813559322,11.372881355932202,5898.0,59000000.0,13000.0,5,0.09884169884169891,0.8095238095238095,1
ZAF,Africa,South Africa,2020-02-07,36672.0,1368.0,692.0,21.0,621.5593220338983,11.728813559322036,6934.0,59000000.0,13000.0,5,-0.03865073787772311,-0.4473684210526315,1
ZAF,Africa,South Africa,2020-02-08,38156.0,1484.0,719.0,27.0,646.7118644067797,12.1864406779661,7985.0,59000000.0,13000.0,5,0.08479532163742687,0.2857142857142858,1
ZAF,Africa,South Africa,2020-02-09,39738.0,1582.0,756.0,37.0,673.5254237288135,12.813559322033898,8984.0,59000000.0,13000.0,5,0.0660377358490567,0.37037037037037046,1
ZAF,Africa,South Africa,2020-02-10,55864.0,1515.0,771.0,15.0,699.2033898305085,13.067796610169491,9949.0,59000000.0,13000.0,5,-0.042351453855878685,-0.5945945945945945,1
ZAF,Africa,South Africa,2020-02-11,42801.0,1548.0,789.0,18.0,725.4406779661017,13.372881355932202,10977.0,59000000.0,13000.0,5,0.0217821782178218,0.19999999999999996,1
ZAF,Africa,South Africa,2020-02-12,44260.0,1459.0,831.0,42.0,750.1694915254237,14.084745762711863,11977.0,59000000.0,13000.0,5,-0.057493540051679615,1.3333333333333335,1
ZAF,Africa,South Africa,2020-02-13,45830.0,1570.0,858.0,27.0,776.7796610169491,14.542372881355933,12965.0,59000000.0,13000.0,5,0.07607950651130913,-0.3571428571428571,1
ZAF,Africa,South Africa,2020-02-14,47463.0,1633.0,901.0,31.0,804.457627118644,15.271186440677967,14002.0,59000000.0,13000.0,5,0.04012738853503195,0.14814814814814814,1
ZAF,Africa,South Africa,2020-02-15,49106.0,1643.0,946.0,45.0,832.3050847457627,16.033898305084747,14974.0,59000000.0,13000.0,5,0.006123698714023185,0.4516129032258065,1
ZAF,Africa,South Africa,2020-02-16,50768.0,1662.0,967.0,21.0,860.4745762711865,16.389830508474574,15988.0,59000000.0,13000.0,5,0.011564211807668867,-0.5333333333333333,1
ZAF,Africa,South Africa,2020-02-17,52421.0,1653.0,996.0,29.0,888.4915254237287,16.881355932203387,17008.0,59000000.0,13000.0,5,-0.005415162454873612,0.38095238095238093,1
ZAF,Africa,South Africa,2020-02-18,54180.0,1759.0,1026.0,30.0,918.3050847457628,17.389830508474574,17942.0,59000000.0,13000.0,5,0.06412583182093168,0.034482758620689724,1
ZAF,Africa,South Africa,2020-02-19,55907.0,1727.0,1072.0,46.0,947.5762711864407,18.169491525423727,18927.0,59000000.0,13000.0,5,-0.01819215463331436,0.5333333333333334,1
ZAF,Africa,South Africa,2020-02-20,57601.0,1694.0,1105.0,33.0,976.2881355932204,18.728813559322035,19918.0,59000000.0,13000.0,5,-0.019108280254777066,-0.28260869565217395,1
ZAF,Africa,South Africa,2020-02-21,59387.0,1786.0,1139.0,34.0,1006.5593220338982,19.305084745762716,20934.0,59000000.0,13000.0,5,0.05430932703659974,0.030303030303030276,1
ZAF,Africa,South Africa,2020-02-22,61223.0,1836.0,1176.0,37.0,1037.677966101695,19.93220338983051,21965.0,59000000.0,13000.0,5,0.027995520716685318,0.08823529411764697,1
ZAF,Africa,South Africa,2020-02-23,63018.0,1795.0,1204.0,28.0,1068.1016949152545,20.406779661016948,22992.0,59000000.0,13000.0,5,-0.022331154684095855,-0.2432432432432432,1
ZAF,Africa,South Africa,2020-02-24,64849.0,1831.0,1222.0,18.0,1099.135593220339,20.71186440677966,23973.0,59000000.0,13000.0,5,0.020055710306406738,-0.3571428571428571,1
ZAF,Africa,South Africa,2020-02-25,66762.0,1913.0,1258.0,36.0,1131.5593220338983,21.322033898305087,24964.0,59000000.0,13000.0,5,0.044784270890223965,1.0,1
ZAF,Africa,South Africa,2020-02-26,68578.0,1816.0,1285.0,27.0,1162.3389830508474,21.779661016949152,25963.0,59000000.0,13000.0,5,-0.05070569785676948,-0.25,1
ZAF,Africa,South Africa,2020-02-27,70500.0,1922.0,1341.0,31.0,1194.915254237288,22.72881355932203,27029.0,59000000.0,13000.0,5,0.05837004405286339,0.14814814814814814,1
ZAF,Africa,South Africa,2020-02-28,72570.0,2070.0,1376.0,35.0,1230.0,23.322033898305083,28002.0,59000000.0,13000.0,5,0.07700312174817903,0.12903225806451624,1
ZAF,Africa,South Africa,2020-02-29,74490.0,1920.0,1425.0,49.0,1262.542372881356,24.15254237288136,29009.0,59000000.0,13000.0,5,-0.07246376811594202,0.3999999999999999,1
ZAF,Africa,South Africa,2020-03-01,76535.0,2045.0,1461.0,36.0,1297.2033898305085,24.76271186440678,30025.0,59000000.0,13000.0,5,0.06510416666666674,-0.26530612244897955,1
ZAF,Africa,South Africa,2020-03-02,78540.0,2005.0,1492.0,31.0,1331.1864406779662,25.28813559322034,31022.0,59000000.0,13000.0,5,-0.019559902200488977,-0.13888888888888884,1
ZAF,Africa,South Africa,2020-03-03,80618.0,2078.0,1518.0,26.0,1366.4067796610168,25.728813559322035,32017.0,59000000.0,13000.0,5,0.036408977556109834,-0.16129032258064513,1
ZAF,Africa,South Africa,2020-03-04,82808.0,2190.0,1550.0,32.0,1403.5254237288136,26.271186440677965,33017.0,59000000.0,13000.0,5,0.05389797882579406,0.23076923076923084,1
ZAF,Africa,South Africa,2020-03-05,84827.0,2019.0,1602.0,52.0,1437.7457627118645,27.15254237288136,34013.0,59000000.0,13000.0,5,-0.07808219178082187,0.625,1
ZAF,Africa,South Africa,2020-03-06,86943.0,1732.0,1630.0,28.0,1473.6101694915253,27.6271186440678,35008.0,59000000.0,13000.0,5,-0.14214957899950476,-0.46153846153846156,1
ZAF,Africa,South Africa,2020-03-07,89149.0,2206.0,1694.0,64.0,1511.0,28.71186440677966,35985.0,59000000.0,13000.0,5,0.2736720554272518,1.2857142857142856,1
ZAF,Africa,South Africa,2020-03-08,91336.0,2187.0,1743.0,49.0,1548.0677966101696,29.54237288135593,37014.0,59000000.0,13000.0,5,-0.008612873980054392,-0.234375,1
ZAF,Africa,South Africa,2020-03-09,93539.0,2203.0,1798.0,55.0,1585.4067796610168,30.47457627118644,37978.0,59000000.0,13000.0,5,0.007315957933241801,0.12244897959183665,1
ZAF,Africa,South Africa,2020-03-10,95795.0,2256.0,1849.0,51.0,1623.6440677966102,31.338983050847457,38993.0,59000000.0,13000.0,5,0.024058102587380947,-0.07272727272727275,1
ZAF,Africa,South Africa,2020-03-11,55864.0,2259.0,1894.0,31.0,1661.9322033898304,32.101694915254235,39980.0,59000000.0,13000.0,5,0.0013297872340425343,-0.3921568627450981,1
ZAF,Africa,South Africa,2020-03-12,100289.0,2235.0,1926.0,32.0,1699.8135593220338,32.64406779661017,40963.0,59000000.0,13000.0,5,-0.010624169986719778,0.032258064516129004,1
ZAF,Africa,South Africa,2020-03-13,102622.0,2333.0,1969.0,43.0,1739.3559322033898,33.37288135593221,41978.0,59000000.0,13000.0,5,0.04384787472035789,0.34375,1
ZAF,Africa,South Africa,2020-03-14,104917.0,2295.0,2034.0,65.0,1778.2542372881358,34.47457627118644,43003.0,59000000.0,13000.0,5,-0.0162880411487355,0.5116279069767442,1
ZAF,Africa,South Africa,2020-03-15,107252.0,2335.0,2100.0,66.0,1817.8305084745764,35.59322033898305,44075.0,59000000.0,13000.0,5,0.017429193899782147,0.01538461538461533,1
ZAF,Africa,South Africa,2020-03-16,109607.0,2355.0,2135.0,35.0,1857.7457627118645,36.1864406779661,45081.0,59000000.0,13000.0,5,0.008565310492505418,-0.4696969696969697,1
ZAF,Africa,South Africa,2020-03-17,112029.0,2422.0,2168.0,33.0,1898.7966101694915,36.7457627118644,46135.0,59000000.0,13000.0,5,0.02845010615711252,-0.05714285714285716,1
ZAF,Africa,South Africa,2020-03-18,114455.0,2426.0,2194.0,26.0,1939.915254237288,37.1864406779661,47047.0,59000000.0,13000.0,5,0.0016515276630884035,-0.21212121212121215,1
ZAF,Africa,South Africa,2020-03-19,116968.0,2513.0,2266.0,72.0,1982.508474576271,38.40677966101696,48054.0,59000000.0,13000.0,5,0.03586150041220115,1.7692307692307692,1
ZAF,Africa,South Africa,2020-03-20,119454.0,2486.0,2328.0,62.0,2024.6440677966104,39.45762711864407,49033.0,59000000.0,13000.0,5,-0.010744130521289308,-0.13888888888888884,1
ZAF,Africa,South Africa,2020-03-21,122027.0,2573.0,2399.0,31.0,2068.254237288136,40.66101694915254,50026.0,59000000.0,13000.0,5,0.03499597747385352,-0.5,1
ZAF,Africa,South Africa,2020-03-22,124549.0,2522.0,2434.0,35.0,2111.0,41.25423728813559,51034.0,59000000.0,13000.0,5,-0.019821220365332293,0.12903225806451624,1
ZAF,Africa,South Africa,2020-03-23,127074.0,2525.0,2469.0,35.0,2153.7966101694915,41.84745762711864,51976.0,59000000.0,13000.0,5,0.0011895321173671647,0.0,1
ZAF,Africa,South Africa,2020-03-24,129753.0,2679.0,2517.0,31.0,2199.2033898305085,42.66101694915254,53008.0,59000000.0,13000.0,5,0.060990099009901044,-0.11428571428571432,1
ZAF,Africa,South Africa,2020-03-25,132328.0,2575.0,2582.0,65.0,2242.8474576271187,43.76271186440678,54022.0,59000000.0,13000.0,5,-0.03882045539380363,1.096774193548387,1
ZAF,Africa,South Africa,2020-03-26,55864.0,2693.0,2624.0,42.0,2288.491525423729,44.47457627118644,55015.0,59000000.0,13000.0,5,0.04582524271844668,-0.3538461538461538,1
ZAF,Africa,South Africa,2020-03-27,137604.0,2583.0,2649.0,25.0,2332.271186440678,44.898305084745765,56007.0,59000000.0,13000.0,5,-0.04084663943557376,-0.40476190476190477,1
ZAF,Africa,South Africa,2020-03-28,140235.0,2631.0,2691.0,42.0,2376.864406779661,45.61016949152542,56981.0,59000000.0,13000.0,5,0.018583042973286945,0.6799999999999999,1
ZAF,Africa,South Africa,2020-03-29,142890.0,1732.0,2756.0,65.0,2421.864406779661,46.71186440677966,58018.0,59000000.0,13000.0,5,-0.3416951729380464,0.5476190476190477,1
ZAF,Africa,South Africa,2020-03-30,145584.0,2694.0,2821.0,65.0,2467.5254237288136,47.813559322033896,59050.0,59000000.0,13000.0,5,0.5554272517321017,0.0,1
ZAF,Africa,South Africa,2020-03-31,148314.0,2730.0,2892.0,71.0,2513.7966101694915,49.01694915254237,60040.0,59000000.0,13000.0,5,0.013363028953229383,0.0923076923076922,1
ZAF,Africa,South Africa,2020-04-01,151114.0,2800.0,2950.0,58.0,2561.254237288136,50.0,61060.0,59000000.0,13000.0,5,0.02564102564102555,-0.18309859154929575,1
ZAF,Africa,South Africa,2020-04-02,153960.0,2846.0,3032.0,82.0,2609.4915254237285,51.38983050847458,61981.0,59000000.0,13000.0,5,0.01642857142857146,0.4137931034482758,1
ZAF,Africa,South Africa,2020-04-03,156800.0,2840.0,3100.0,68.0,2657.627118644068,52.54237288135593,63006.0,59000000.0,13000.0,5,-0.0021082220660576523,-0.1707317073170732,1
ZAF,Africa,South Africa,2020-04-04,159652.0,2852.0,3149.0,49.0,2705.966101694916,53.3728813559322,64066.0,59000000.0,13000.0,5,0.004225352112676051,-0.27941176470588236,1
ZAF,Africa,South Africa,2020-04-05,162558.0,2906.0,3204.0,55.0,2755.220338983051,54.30508474576271,65121.0,59000000.0,13000.0,5,0.018934081346423604,0.12244897959183665,1
ZAF,Africa,South Africa,2020-04-06,165495.0,2937.0,3249.0,45.0,2805.0,55.06779661016949,66152.0,59000000.0,13000.0,5,0.010667584308327704,-0.18181818181818177,1
ZAF,Africa,South Africa,2020-04-07,168396.0,2901.0,3334.0,85.0,2854.169491525424,56.50847457627118,67190.0,59000000.0,13000.0,5,-0.012257405515832431,0.8888888888888888,1
ZAF,Africa,South Africa,2020-04-08,171383.0,2987.0,3420.0,86.0,2904.7966101694915,57.96610169491525,68190.0,59000000.0,13000.0,5,0.029644950017235328,0.0117647058823529,1
ZAF,Africa,South Africa,2020-04-09,174297.0,2914.0,3491.0,71.0,2954.186440677966,59.16949152542373,69179.0,59000000.0,13000.0,5,-0.0244392366923335,-0.17441860465116277,1
UKR,Europe,Ukraine,2020-01-01,492.0,492.0,12.0,12.0,11.44186046511628,0.2790697674418604,0.0,43000000.0,13000.0,3,0.0,0.0,0
UKR,Europe,Ukraine,2020-01-02,1023.0,531.0,18.0,6.0,23.790697674418603,0.4186046511627907,0.0,43000000.0,13000.0,3,0.0792682926829269,-0.5,0
UKR,Europe,Ukraine,2020-01-03,1580.0,557.0,23.0,5.0,36.74418604651163,0.5348837209302325,0.0,43000000.0,13000.0,3,0.048964218455743946,-0.16666666666666663,0
UKR,Europe,Ukraine,2020-01-04,2133.0,553.0,30.0,7.0,49.604651162790695,0.6976744186046512,0.0,43000000.0,13000.0,3,-0.007181328545781018,0.3999999999999999,0
UKR,Europe,Ukraine,2020-01-05,2719.0,586.0,40.0,10.0,63.23255813953488,0.9302325581395348,0.0,43000000.0,13000.0,3,0.05967450271247743,0.4285714285714286,0
UKR,Europe,Ukraine,2020-01-06,3328.0,609.0,47.0,7.0,77.39534883720931,1.0930232558139534,0.0,43000000.0,13000.0,3,0.03924914675767921,-0.30000000000000004,0
UKR,Europe,Ukraine,2020-01-07,3962.0,634.0,59.0,12.0,92.13953488372093,1.372093023255814,0.0,43000000.0,13000.0,3,0.0410509031198687,0.7142857142857142,0
UKR,Europe,Ukraine,2020-01-08,4660.0,698.0,73.0,14.0,108.3720930232558,1.697674418604651,0.0,43000000.0,13000.0,3,0.10094637223974767,0.16666666666666674,0
UKR,Europe,Ukraine,2020-01-09,5367.0,707.0,88.0,15.0,124.81395348837208,2.046511627906977,0.0,43000000.0,13000.0,3,0.012893982808023008,0.0714285714285714,0
UKR,Europe,Ukraine,2020-01-10,6063.0,696.0,108.0,20.0,141.0,2.511627906976744,0.0,43000000.0,13000.0,3,-0.01555869872701554,0.33333333333333326,0
UKR,Europe,Ukraine,2020-01-11,6797.0,1732.0,125.0,17.0,158.06976744186045,2.9069767441860463,0.0,43000000.0,13000.0,3,1.4885057471264367,-0.15000000000000002,1
UKR,Europe,Ukraine,2020-01-12,7567.0,770.0,140.0,15.0,175.97674418604652,3.255813953488372,0.0,43000000.0,13000.0,3,-0.5554272517321016,-0.11764705882352944,0
UKR,Europe,Ukraine,2020-01-13,8346.0,779.0,152.0,12.0,194.09302325581396,3.534883720930232,0.0,43000000.0,13000.0,3,0.011688311688311748,-0.19999999999999996,0
UKR,Europe,Ukraine,2020-01-14,9173.0,827.0,163.0,11.0,213.3255813953488,3.7906976744186047,0.0,43000000.0,13000.0,3,0.06161745827984588,-0.08333333333333337,0
UKR,Europe,Ukraine,2020-01-15,10031.0,858.0,173.0,10.0,233.27906976744185,4.023255813953488,0.0,43000000.0,13000.0,3,0.037484885126964906,-0.09090909090909094,0
UKR,Europe,Ukraine,2020-01-16,10877.0,846.0,186.0,13.0,252.95348837209303,4.325581395348837,0.0,43000000.0,13000.0,3,-0.013986013986013957,0.30000000000000004,0
UKR,Europe,Ukraine,2020-01-17,11767.0,890.0,209.0,23.0,273.6511627906977,4.8604651162790695,0.0,43000000.0,13000.0,3,0.05200945626477549,0.7692307692307692,0
UKR,Europe,Ukraine,2020-01-18,12679.0,912.0,228.0,19.0,294.8604651162791,5.3023255813953485,0.0,43000000.0,13000.0,3,0.024719101123595433,-0.17391304347826086,0
UKR,Europe,Ukraine,2020-01-19,13591.0,912.0,238.0,10.0,316.0697674418605,5.534883720930233,0.0,43000000.0,13000.0,3,0.0,-0.4736842105263158,0
UKR,Europe,Ukraine,2020-01-20,14536.0,945.0,262.0,24.0,338.04651162790697,6.093023255813954,0.0,43000000.0,13000.0,3,0.03618421052631571,1.4,0
UKR,Europe,Ukraine,2020-01-21,15555.0,1019.0,287.0,25.0,361.7441860465116,6.674418604651162,0.0,43000000.0,13000.0,3,0.07830687830687832,0.04166666666666674,1
UKR,Europe,Ukraine,2020-01-22,16522.0,967.0,298.0,11.0,384.2325581395349,6.930232558139535,0.0,43000000.0,13000.0,3,-0.05103042198233565,-0.56,0
UKR,Europe,Ukraine,2020-01-23,17613.0,1091.0,316.0,18.0,409.60465116279073,7.348837209302326,0.0,43000000.0,13000.0,3,0.12823164426059974,0.6363636363636365,1
UKR,Europe,Ukraine,2020-01-24,18624.0,1011.0,332.0,16.0,433.1162790697675,7.72093023255814,0.0,43000000.0,13000.0,3,-0.0733272227314391,-0.11111111111111116,1
UKR,Europe,Ukraine,2020-01-25,19747.0,1123.0,363.0,31.0,459.2325581395349,8.44186046511628,0.0,43000000.0,13000.0,3,0.11078140454995045,0.9375,1
UKR,Europe,Ukraine,2020-01-26,20869.0,1122.0,390.0,27.0,485.3255813953489,9.069767441860463,0.0,43000000.0,13000.0,3,-0.0008904719501335867,-0.12903225806451613,1
UKR,Europe,Ukraine,2020-01-27,22046.0,1177.0,419.0,29.0,512.6976744186046,9.74418604651163,0.0,43000000.0,13000.0,3,0.0490196078431373,0.07407407407407418,1
UKR,Europe,Ukraine,2020-01-28,55864.0,1174.0,440.0,21.0,540.0,10.232558139534884,0.0,43000000.0,13000.0,3,-0.002548853016142716,-0.27586206896551724,1
UKR,Europe,Ukraine,2020-01-29,24401.0,1181.0,473.0,33.0,567.4651162790698,11.0,0.0,43000000.0,13000.0,3,0.00596252129471897,0.5714285714285714,1
UKR,Europe,Ukraine,2020-01-30,25599.0,1198.0,503.0,30.0,595.3255813953488,11.697674418604652,0.0,43000000.0,13000.0,3,0.014394580863674955,-0.09090909090909094,1
UKR,Europe,Ukraine,2020-01-31,26819.0,1732.0,522.0,19.0,623.6976744186046,12.13953488372093,0.0,43000000.0,13000.0,3,0.44574290484140233,-0.3666666666666667,1
UKR,Europe,Ukraine,2020-02-01,28054.0,1235.0,554.0,32.0,652.4186046511628,12.883720930232558,1012.0,43000000.0,13000.0,3,-0.28695150115473445,0.6842105263157894,1
UKR,Europe,Ukraine,2020-02-02,29389.0,1335.0,591.0,37.0,683.4651162790698,13.744186046511627,2015.0,43000000.0,13000.0,3,0.08097165991902844,0.15625,1
UKR,Europe,Ukraine,2020-02-03,30768.0,1379.0,607.0,16.0,715.5348837209302,14.116279069767442,2988.0,43000000.0,13000.0,3,0.032958801498127244,-0.5675675675675675,1
UKR,Europe,Ukraine,2020-02-04,32156.0,1388.0,621.0,14.0,747.8139534883721,14.44186046511628,3989.0,43000000.0,13000.0,3,0.006526468455402501,-0.125,1
UKR,Europe,Ukraine,2020-02-05,33499.0,1343.0,643.0,22.0,779.046511627907,14.953488372093023,5055.0,43000000.0,13000.0,3,-0.03242074927953886,0.5714285714285714,1
UKR,Europe,Ukraine,2020-02-06,34901.0,1402.0,667.0,24.0,811.6511627906976,15.511627906976743,6031.0,43000000.0,13000.0,3,0.04393149664929252,0.09090909090909083,1
UKR,Europe,Ukraine,2020-02-07,36304.0,1403.0,682.0,15.0,844.2790697674419,15.86046511627907,7041.0,43000000.0,13000.0,3,0.0007132667617688604,-0.375,1
UKR,Europe,Ukraine,2020-02-08,37669.0,1365.0,720.0,38.0,876.0232558139536,16.74418604651163,8016.0,43000000.0,13000.0,3,-0.02708481824661435,1.5333333333333332,1
UKR,Europe,Ukraine,2020-02-09,39143.0,1474.0,741.0,21.0,910.3023255813954,17.232558139534884,9032.0,43000000.0,13000.0,3,0.07985347985347979,-0.4473684210526315,1
UKR,Europe,Ukraine,2020-02-10,40612.0,1469.0,766.0,25.0,944.4651162790698,17.813953488372093,10044.0,43000000.0,13000.0,3,-0.0033921302578019397,0.19047619047619047,1
UKR,Europe,Ukraine,2020-02-11,42141.0,1529.0,806.0,40.0,980.0232558139536,18.744186046511626,11027.0,43000000.0,13000.0,3,0.04084411164057178,0.6000000000000001,1
UKR,Europe,Ukraine,2020-02-12,43711.0,1570.0,837.0,31.0,1016.53488372093,19.46511627906977,12000.0,43000000.0,13000.0,3,0.026814911706998013,-0.22499999999999998,1
UKR,Europe,Ukraine,2020-02-13,45244.0,1533.0,864.0,27.0,1052.186046511628,20.093023255813957,13062.0,43000000.0,13000.0,3,-0.023566878980891715,-0.12903225806451613,1
UKR,Europe,Ukraine,2020-02-14,46825.0,1581.0,909.0,45.0,1088.953488372093,21.139534883720927,14104.0,43000000.0,13000.0,3,0.03131115459882583,0.6666666666666667,1
UKR,Europe,Ukraine,2020-02-15,48469.0,1644.0,943.0,34.0,1127.186046511628,21.930232558139537,15107.0,43000000.0,13000.0,3,0.03984819734345346,-0.24444444444444446,1
UKR,Europe,Ukraine,2020-02-16,50055.0,1586.0,987.0,44.0,1164.0697674418604,22.953488372093023,16119.0,43000000.0,13000.0,3,-0.035279805352798066,0.2941176470588236,1
UKR,Europe,Ukraine,2020-02-17,51712.0,1657.0,1033.0,46.0,1202.6046511627908,24.02325581395349,17164.0,43000000.0,13000.0,3,0.04476670870113497,0.045454545454545414,1
UKR,Europe,Ukraine,2020-02-18,53429.0,1717.0,1055.0,22.0,1242.53488372093,24.534883720930235,18212.0,43000000.0,13000.0,3,0.03621001810500912,-0.5217391304347826,1
UKR,Europe,Ukraine,2020-02-19,55174.0,1745.0,1078.0,23.0,1283.1162790697674,25.069767441860463,19216.0,43000000.0,13000.0,3,0.016307513104251603,0.045454545454545414,1
UKR,Europe,Ukraine,2020-02-20,56942.0,1768.0,1120.0,42.0,1324.2325581395348,26.046511627906977,20190.0,43000000.0,13000.0,3,0.013180515759312339,0.826086956521739,1
UKR,Europe,Ukraine,2020-02-21,58749.0,1807.0,1168.0,48.0,1366.2558139534883,27.162790697674417,21204.0,43000000.0,13000.0,3,0.022058823529411686,0.1428571428571428,1
UKR,Europe,Ukraine,2020-02-22,60482.0,1733.0,1194.0,26.0,1406.5581395348836,27.76744186046512,22194.0,43000000.0,13000.0,3,-0.04095185390149414,-0.45833333333333337,1
UKR,Europe,Ukraine,2020-02-23,62323.0,1841.0,1230.0,36.0,1449.3720930232555,28.60465116279069,23201.0,43000000.0,13000.0,3,0.06231967686093487,0.3846153846153846,1
UKR,Europe,Ukraine,2020-02-24,64131.0,1808.0,1258.0,28.0,1491.4186046511627,29.25581395348837,24189.0,43000000.0,13000.0,3,-0.017925040738728915,-0.2222222222222222,1
UKR,Europe,Ukraine,2020-02-25,66085.0,1732.0,1315.0,57.0,1536.860465116279,30.58139534883721,25170.0,43000000.0,13000.0,3,-0.042035398230088505,1.0357142857142856,1
UKR,Europe,Ukraine,2020-02-26,68037.0,1952.0,1341.0,26.0,1582.2558139534883,31.186046511627904,26175.0,43000000.0,13000.0,3,0.12702078521939963,-0.543859649122807,1
UKR,Europe,Ukraine,2020-02-27,69987.0,1950.0,1364.0,23.0,1627.6046511627908,31.72093023255814,27136.0,43000000.0,13000.0,3,-0.0010245901639344135,-0.11538461538461542,1
UKR,Europe,Ukraine,2020-02-28,71996.0,2009.0,1412.0,48.0,1674.325581395349,32.83720930232558,28155.0,43000000.0,13000.0,3,0.030256410256410238,1.0869565217391304,1
UKR,Europe,Ukraine,2020-02-29,73944.0,1948.0,1463.0,51.0,1719.6279069767445,34.02325581395348,29195.0,43000000.0,13000.0,3,-0.030363364858138397,0.0625,1
UKR,Europe,Ukraine,2020-03-01,75945.0,2001.0,1514.0,51.0,1766.1627906976744,35.20930232558139,30209.0,43000000.0,13000.0,3,0.027207392197125202,0.0,1
UKR,Europe,Ukraine,2020-03-02,78012.0,2067.0,1548.0,34.0,1814.2325581395348,36.0,31198.0,43000000.0,13000.0,3,0.03298350824587715,-0.33333333333333337,1
UKR,Europe,Ukraine,2020-03-03,80072.0,2060.0,1587.0,39.0,1862.139534883721,36.906976744186046,32202.0,43000000.0,13000.0,3,-0.0033865505563618337,0.1470588235294117,1
UKR,Europe,Ukraine,2020-03-04,82159.0,2087.0,1609.0,22.0,1910.6744186046512,37.41860465116279,33235.0,43000000.0,13000.0,3,0.013106796116504782,-0.4358974358974359,1
UKR,Europe,Ukraine,2020-03-05,55864.0,2040.0,1660.0,51.0,1958.1162790697676,38.6046511627907,34207.0,43000000.0,13000.0,3,-0.022520364159079986,1.3181818181818183,1
UKR,Europe,Ukraine,2020-03-06,86247.0,2048.0,1702.0,42.0,2005.744186046512,39.58139534883721,35211.0,43000000.0,13000.0,3,0.0039215686274509665,-0.17647058823529416,1
UKR,Europe,Ukraine,2020-03-07,88399.0,2152.0,1757.0,55.0,2055.790697674419,40.860465116279066,36189.0,43000000.0,13000.0,3,0.05078125,0.30952380952380953,1
UKR,Europe,Ukraine,2020-03-08,90493.0,2094.0,1818.0,61.0,2104.488372093024,42.279069767441854,37224.0,43000000.0,13000.0,3,-0.02695167286245348,0.10909090909090913,1
UKR,Europe,Ukraine,2020-03-09,92681.0,2188.0,1846.0,28.0,2155.372093023256,42.93023255813953,38200.0,43000000.0,13000.0,3,0.04489016236867238,-0.540983606557377,1
UKR,Europe,Ukraine,2020-03-10,55864.0,2255.0,1881.0,35.0,2207.813953488372,43.74418604651162,39205.0,43000000.0,13000.0,3,0.03062157221206574,0.25,1
UKR,Europe,Ukraine,2020-03-11,97175.0,2239.0,1919.0,31.0,2259.8837209302324,44.627906976744185,40230.0,43000000.0,13000.0,3,-0.0070953436807095205,-0.11428571428571432,1
UKR,Europe,Ukraine,2020-03-12,99384.0,2209.0,1942.0,23.0,2311.255813953488,45.16279069767442,41268.0,43000000.0,13000.0,3,-0.013398838767306853,-0.25806451612903225,1
UKR,Europe,Ukraine,2020-03-13,101680.0,2296.0,1987.0,45.0,2364.651162790698,46.2093023255814,42266.0,43000000.0,13000.0,3,0.03938433680398368,0.9565217391304348,1
UKR,Europe,Ukraine,2020-03-14,103996.0,2316.0,2038.0,51.0,2418.5116279069766,47.395348837209305,43278.0,43000000.0,13000.0,3,0.008710801393728262,0.1333333333333333,1
UKR,Europe,Ukraine,2020-03-15,106328.0,2332.0,2084.0,46.0,2472.744186046512,48.46511627906977,44316.0,43000000.0,13000.0,3,0.006908462867012188,-0.0980392156862745,1
UKR,Europe,Ukraine,2020-03-16,108649.0,2321.0,2137.0,53.0,2526.720930232558,49.69767441860465,45380.0,43000000.0,13000.0,3,-0.004716981132075526,0.15217391304347827,1
UKR,Europe,Ukraine,2020-03-17,111033.0,2384.0,2182.0,45.0,2582.162790697674,50.74418604651162,46384.0,43000000.0,13000.0,3,0.02714347264110306,-0.15094339622641506,1
UKR,Europe,Ukraine,2020-03-18,113442.0,1732.0,2249.0,67.0,2638.186046511628,52.30232558139535,47353.0,43000000.0,13000.0,3,-0.27348993288590606,0.48888888888888893,1
UKR,Europe,Ukraine,2020-03-19,115817.0,1732.0,2277.0,28.0,2693.4186046511627,52.95348837209302,48370.0,43000000.0,13000.0,3,0.0,-0.582089552238806,1
UKR,Europe,Ukraine,2020-03-20,118265.0,2448.0,2302.0,25.0,2750.3488372093025,53.53488372093023,49402.0,43000000.0,13000.0,3,0.4133949191685913,-0.1071428571428571,1
UKR,Europe,Ukraine,2020-03-21,120696.0,2431.0,2356.0,54.0,2806.883720930233,54.7906976744186,50445.0,43000000.0,13000.0,3,-0.00694444444444442,1.1600000000000001,1
UKR,Europe,Ukraine,2020-03-22,123269.0,2573.0,2390.0,34.0,2866.720930232558,55.581395348837205,51469.0,43000000.0,13000.0,3,0.05841217605923488,-0.37037037037037035,1
UKR,Europe,Ukraine,2020-03-23,125800.0,2531.0,2432.0,42.0,2925.581395348837,56.55813953488372,52528.0,43000000.0,13000.0,3,-0.016323357947920725,0.23529411764705888,1
UKR,Europe,Ukraine,2020-03-24,128365.0,2565.0,2496.0,64.0,2985.232558139535,58.04651162790698,53481.0,43000000.0,13000.0,3,0.013433425523508458,0.5238095238095237,1
UKR,Europe,Ukraine,2020-03-25,130966.0,2601.0,2538.0,42.0,3045.720930232558,59.02325581395349,54528.0,43000000.0,13000.0,3,0.01403508771929829,-0.34375,1
UKR,Europe,Ukraine,2020-03-26,133509.0,2543.0,2611.0,73.0,3104.860465116279,60.72093023255814,55600.0,43000000.0,13000.0,3,-0.022299115724721208,0.7380952380952381,1
UKR,Europe,Ukraine,2020-03-27,136179.0,2670.0,2653.0,42.0,3166.953488372093,61.69767441860465,56584.0,43000000.0,13000.0,3,0.04994101454974431,-0.4246575342465754,1
UKR,Europe,Ukraine,2020-03-28,138894.0,2715.0,2723.0,70.0,3230.093023255814,63.325581395348834,57533.0,43000000.0,13000.0,3,0.016853932584269593,0.6666666666666667,1
UKR,Europe,Ukraine,2020-03-29,141486.0,2592.0,2771.0,48.0,3290.372093023256,64.44186046511628,58578.0,43000000.0,13000.0,3,-0.045303867403314935,-0.3142857142857143,1
UKR,Europe,Ukraine,2020-03-30,144139.0,2653.0,2837.0,66.0,3352.0697674418607,65.9767441860465,59589.0,43000000.0,13000.0,3,0.023533950617284027,0.375,1
UKR,Europe,Ukraine,2020-03-31,146801.0,2662.0,2867.0,30.0,3413.9767441860467,66.67441860465117,60622.0,43000000.0,13000.0,3,0.0033923859781379573,-0.5454545454545454,1
UKR,Europe,Ukraine,2020-04-01,149486.0,2685.0,2946.0,79.0,3476.4186046511627,68.51162790697674,61610.0,43000000.0,13000.0,3,0.008640120210368085,1.6333333333333333,1
UKR,Europe,Ukraine,2020-04-02,152267.0,2781.0,3017.0,71.0,3541.093023255814,70.16279069767442,62615.0,43000000.0,13000.0,3,0.03575418994413404,-0.10126582278481011,1
UKR,Europe,Ukraine,2020-04-03,155176.0,2909.0,3074.0,57.0,3608.744186046512,71.48837209302326,63548.0,43000000.0,13000.0,3,0.04602660913340517,-0.19718309859154926,1
UKR,Europe,Ukraine,2020-04-04,157952.0,2776.0,3143.0,69.0,3673.302325581396,73.09302325581396,64555.0,43000000.0,13000.0,3,-0.045720178755586094,0.21052631578947367,1
UKR,Europe,Ukraine,2020-04-05,160808.0,2856.0,3221.0,78.0,3739.720930232558,74.90697674418605,65498.0,43000000.0,13000.0,3,0.028818443804034644,0.13043478260869557,1
UKR,Europe,Ukraine,2020-04-06,163728.0,2920.0,3276.0,55.0,3807.627906976744,76.18604651162791,66510.0,43000000.0,13000.0,3,0.022408963585434094,-0.2948717948717948,1
UKR,Europe,Ukraine,2020-04-07,166735.0,3007.0,3322.0,46.0,3877.558139534884,77.25581395348837,67506.0,43000000.0,13000.0,3,0.02979452054794529,-0.1636363636363637,1
UKR,Europe,Ukraine,2020-04-08,169649.0,2914.0,3378.0,56.0,3945.3255813953488,78.55813953488372,68492.0,43000000.0,13000.0,3,-0.030927835051546393,0.21739130434782616,1
UKR,Europe,Ukraine,2020-04-09,172629.0,2980.0,3456.0,78.0,4014.627906976744,80.37209302325581,69509.0,43000000.0,13000.0,3,0.02264927934111194,0.3928571428571428,1
USA,North America,United States,2020-01-01,536.0,536.0,15.0,31.0,1.6193353474320242,0.0453172205438066,0.0,331000000.0,63000.0,4,0.0,0.0,0
USA,North America,United States,2020-01-02,1077.0,541.0,24.0,9.0,3.2537764350453173,0.0725075528700906,0.0,331000000.0,63000.0,4,0.009328358208955168,-0.7096774193548387,0
USA,North America,United States,2020-01-03,1672.0,595.0,30.0,6.0,5.051359516616315,0.0906344410876132,0.0,331000000.0,63000.0,4,0.09981515711645095,-0.33333333333333337,0
USA,North America,United States,2020-01-04,2219.0,547.0,39.0,9.0,6.7039274924471295,0.1178247734138972,0.0,331000000.0,63000.0,4,-0.08067226890756307,0.5,0
USA,North America,United States,2020-01-05,2847.0,628.0,50.0,11.0,8.6012084592145,0.1510574018126888,0.0,331000000.0,63000.0,4,0.1480804387568555,0.22222222222222232,0
USA,North America,United States,2020-01-06,3455.0,608.0,66.0,16.0,10.438066465256798,0.1993957703927492,0.0,331000000.0,63000.0,4,-0.031847133757961776,0.4545454545454546,0
USA,North America,United States,2020-01-07,4135.0,680.0,78.0,12.0,12.492447129909367,0.2356495468277945,0.0,331000000.0,63000.0,4,0.11842105263157898,-0.25,0
USA,North America,United States,2020-01-08,4818.0,683.0,94.0,16.0,14.555891238670696,0.283987915407855,0.0,331000000.0,63000.0,4,0.004411764705882337,0.33333333333333326,0
USA,North America,United States,2020-01-09,5527.0,709.0,102.0,8.0,16.69788519637462,0.3081570996978852,0.0,331000000.0,63000.0,4,0.038067349926793614,-0.5,0
USA,North America,United States,2020-01-10,6266.0,1732.0,120.0,18.0,18.93051359516616,0.3625377643504531,0.0,331000000.0,63000.0,4,1.442877291960508,1.25,1
USA,North America,United States,2020-01-11,55864.0,1732.0,135.0,15.0,21.19939577039275,0.4078549848942598,0.0,331000000.0,63000.0,4,0.0,-0.16666666666666663,1
USA,North America,United States,2020-01-12,7797.0,780.0,149.0,14.0,23.555891238670693,0.4501510574018127,0.0,331000000.0,63000.0,4,-0.5496535796766744,-0.06666666666666665,0
USA,North America,United States,2020-01-13,8561.0,764.0,168.0,19.0,25.86404833836858,0.5075528700906344,0.0,331000000.0,63000.0,4,-0.02051282051282055,0.3571428571428572,0
USA,North America,United States,2020-01-14,9396.0,835.0,179.0,11.0,28.386706948640484,0.540785498489426,0.0,331000000.0,63000.0,4,0.09293193717277481,-0.42105263157894735,0
USA,North America,United States,2020-01-15,10209.0,813.0,192.0,13.0,30.842900302114803,0.580060422960725,0.0,331000000.0,63000.0,4,-0.026347305389221587,0.18181818181818188,0
USA,North America,United States,2020-01-16,11092.0,883.0,208.0,16.0,33.51057401812689,0.6283987915407855,0.0,331000000.0,63000.0,4,0.08610086100861003,0.23076923076923084,0
USA,North America,United States,2020-01-17,12039.0,947.0,227.0,19.0,36.37160120845921,0.6858006042296073,0.0,331000000.0,63000.0,4,0.07248018120045296,0.1875,0
USA,North America,United States,2020-01-18,12991.0,952.0,248.0,21.0,39.24773413897281,0.7492447129909365,0.0,331000000.0,63000.0,4,0.0052798310454065245,0.10526315789473695,0
USA,North America,United States,2020-01-19,13904.0,1732.0,266.0,18.0,42.00604229607251,0.8036253776435045,0.0,331000000.0,63000.0,4,0.819327731092437,-0.1428571428571429,1
USA,North America,United States,2020-01-20,14856.0,952.0,294.0,28.0,44.88217522658611,0.8882175226586103,0.0,331000000.0,63000.0,4,-0.4503464203233256,0.5555555555555556,0
USA,North America,United States,2020-01-21,15855.0,999.0,316.0,22.0,47.90030211480362,0.9546827794561934,0.0,331000000.0,63000.0,4,0.04936974789915971,-0.2142857142857143,0
USA,North America,United States,2020-01-22,16854.0,999.0,328.0,12.0,50.918429003021146,0.9909365558912386,0.0,331000000.0,63000.0,4,0.0,-0.4545454545454546,0
USA,North America,United States,2020-01-23,17861.0,1007.0,340.0,12.0,53.9607250755287,1.027190332326284,0.0,331000000.0,63000.0,4,0.00800800800800805,0.0,1
USA,North America,United States,2020-01-24,18949.0,1088.0,358.0,18.0,57.24773413897281,1.081570996978852,0.0,331000000.0,63000.0,4,0.08043694141012914,0.5,1
USA,North America,United States,2020-01-25,20098.0,1149.0,384.0,26.0,60.7190332326284,1.16012084592145,0.0,331000000.0,63000.0,4,0.056066176470588314,0.4444444444444444,1
USA,North America,United States,2020-01-26,21187.0,1089.0,395.0,11.0,64.00906344410876,1.1933534743202416,0.0,331000000.0,63000.0,4,-0.052219321148825104,-0.5769230769230769,1
USA,North America,United States,2020-01-27,22300.0,1113.0,410.0,15.0,67.37160120845921,1.2386706948640482,0.0,331000000.0,63000.0,4,0.02203856749311295,0.36363636363636354,1
USA,North America,United States,2020-01-28,23419.0,1119.0,431.0,21.0,70.7522658610272,1.3021148036253776,0.0,331000000.0,63000.0,4,0.005390835579514919,0.3999999999999999,1
USA,North America,United States,2020-01-29,24587.0,1168.0,454.0,23.0,74.2809667673716,1.3716012084592146,0.0,331000000.0,63000.0,4,0.04378909740840031,0.09523809523809534,1
USA,North America,United States,2020-01-30,25832.0,1245.0,486.0,32.0,78.04229607250755,1.4682779456193351,0.0,331000000.0,63000.0,4,0.06592465753424648,0.3913043478260869,1
USA,North America,United States,2020-01-31,27095.0,1263.0,520.0,34.0,81.85800604229607,1.5709969788519635,0.0,331000000.0,63000.0,4,0.014457831325301207,0.0625,1
USA,North America,United States,2020-02-01,28432.0,1337.0,540.0,20.0,85.89728096676737,1.6314199395770392,1031.0,331000000.0,63000.0,4,0.058590657165479065,-0.4117647058823529,1
USA,North America,United States,2020-02-02,29695.0,1263.0,561.0,21.0,89.71299093655588,1.6948640483383686,2030.0,331000000.0,63000.0,4,-0.05534779356768882,0.050000000000000044,1
USA,North America,United States,2020-02-03,31006.0,1311.0,593.0,32.0,93.6737160120846,1.7915407854984895,2943.0,331000000.0,63000.0,4,0.03800475059382413,0.5238095238095237,1
USA,North America,United States,2020-02-04,32379.0,1373.0,620.0,27.0,97.82175226586102,1.8731117824773416,3946.0,331000000.0,63000.0,4,0.04729214340198329,-0.15625,1
USA,North America,United States,2020-02-05,33748.0,1369.0,640.0,20.0,101.95770392749245,1.9335347432024168,4924.0,331000000.0,63000.0,4,-0.0029133284777859147,-0.2592592592592593,1
USA,North America,United States,2020-02-06,35114.0,1366.0,656.0,16.0,106.08459214501512,1.9818731117824773,5969.0,331000000.0,63000.0,4,-0.0021913805697589828,-0.19999999999999996,1
USA,North America,United States,2020-02-07,36559.0,1445.0,684.0,28.0,110.4501510574018,2.0664652567975828,6917.0,331000000.0,63000.0,4,0.05783308931185949,0.75,1
USA,North America,United States,2020-02-08,38018.0,1459.0,711.0,27.0,114.85800604229608,2.148036253776435,7875.0,331000000.0,63000.0,4,0.009688581314878819,-0.0357142857142857,1
USA,North America,United States,2020-02-09,39478.0,1460.0,742.0,31.0,119.26888217522658,2.241691842900302,8862.0,331000000.0,63000.0,4,0.0006854009595613775,0.14814814814814814,1
USA,North America,United States,2020-02-10,40990.0,1512.0,760.0,18.0,123.83685800604228,2.29607250755287,9825.0,331000000.0,63000.0,4,0.03561643835616435,-0.4193548387096774,1
USA,North America,United States,2020-02-11,42471.0,1481.0,783.0,23.0,128.31117824773412,2.3655589123867067,10791.0,331000000.0,63000.0,4,-0.020502645502645467,0.2777777777777777,1
USA,North America,United States,2020-02-12,55864.0,1482.0,809.0,26.0,132.78851963746223,2.4441087613293053,11782.0,331000000.0,63000.0,4,0.0006752194463199857,0.13043478260869557,1
USA,North America,United States,2020-02-13,45578.0,1625.0,833.0,24.0,137.69788519637464,2.516616314199396,12748.0,331000000.0,63000.0,4,0.09649122807017552,-0.07692307692307687,1
USA,North America,United States,2020-02-14,47252.0,1674.0,868.0,35.0,142.75528700906344,2.622356495468278,13727.0,331000000.0,63000.0,4,0.030153846153846198,0.45833333333333326,1
USA,North America,United States,2020-02-15,48836.0,1584.0,897.0,29.0,147.54078549848944,2.709969788519637,14728.0,331000000.0,63000.0,4,-0.053763440860215006,-0.17142857142857137,1
USA,North America,United States,2020-02-16,50429.0,1593.0,922.0,25.0,152.3534743202417,2.785498489425982,15735.0,331000000.0,63000.0,4,0.005681818181818121,-0.13793103448275867,1
USA,North America,United States,2020-02-17,52102.0,1673.0,940.0,18.0,157.40785498489424,2.8398791540785497,16720.0,331000000.0,63000.0,4,0.05021971123666047,-0.28,1
USA,North America,United States,2020-02-18,53780.0,1678.0,965.0,25.0,162.4773413897281,2.9154078549848945,17737.0,331000000.0,63000.0,4,0.002988643156007109,0.38888888888888884,1
USA,North America,United States,2020-02-19,55516.0,1736.0,996.0,31.0,167.72205438066467,3.009063444108761,18723.0,331000000.0,63000.0,4,0.03456495828367112,0.24,1
USA,North America,United States,2020-02-20,57210.0,1694.0,1044.0,48.0,172.83987915407857,3.1540785498489425,19690.0,331000000.0,63000.0,4,-0.024193548387096753,0.5483870967741935,1
USA,North America,United States,2020-02-21,59016.0,1806.0,1092.0,48.0,178.29607250755288,3.299093655589124,20651.0,331000000.0,63000.0,4,0.06611570247933884,0.0,1
USA,North America,United States,2020-02-22,55864.0,1760.0,1115.0,23.0,183.61329305135956,3.3685800604229605,21683.0,331000000.0,63000.0,4,-0.025470653377630104,-0.5208333333333333,1
USA,North America,United States,2020-02-23,62604.0,1828.0,1165.0,50.0,189.13595166163145,3.5196374622356497,22673.0,331000000.0,63000.0,4,0.03863636363636358,1.1739130434782608,1
USA,North America,United States,2020-02-24,64447.0,1843.0,1200.0,35.0,194.70392749244715,3.625377643504532,23654.0,331000000.0,63000.0,4,0.008205689277899442,-0.30000000000000004,1
USA,North America,United States,2020-02-25,66322.0,1875.0,1252.0,52.0,200.36858006042291,3.782477341389728,24643.0,331000000.0,63000.0,4,0.01736299511665762,0.48571428571428577,1
USA,North America,United States,2020-02-26,68291.0,1969.0,1276.0,24.0,206.31722054380663,3.854984894259819,25707.0,331000000.0,63000.0,4,0.05013333333333336,-0.5384615384615384,1
USA,North America,United States,2020-02-27,70195.0,1904.0,1325.0,49.0,212.06948640483384,4.003021148036254,26718.0,331000000.0,63000.0,4,-0.033011681056373754,1.0416666666666665,1
USA,North America,United States,2020-02-28,72210.0,2015.0,1351.0,26.0,218.1570996978852,4.081570996978852,27700.0,331000000.0,63000.0,4,0.05829831932773111,-0.4693877551020408,1
USA,North America,United States,2020-02-29,74218.0,2008.0,1393.0,42.0,224.2235649546828,4.20845921450151,28725.0,331000000.0,63000.0,4,-0.0034739454094292466,0.6153846153846154,1
USA,North America,United States,2020-03-01,76197.0,1979.0,1417.0,24.0,230.202416918429,4.280966767371601,29762.0,331000000.0,63000.0,4,-0.014442231075697198,-0.4285714285714286,1
USA,North America,United States,2020-03-02,78209.0,2012.0,1443.0,26.0,236.2809667673716,4.3595166163142,30735.0,331000000.0,63000.0,4,0.016675088428499185,0.08333333333333326,1
USA,North America,United States,2020-03-03,80289.0,2080.0,1492.0,49.0,242.56495468277947,4.507552870090635,31739.0,331000000.0,63000.0,4,0.03379721669980129,0.8846153846153846,1
USA,North America,United States,2020-03-04,82343.0,2054.0,1549.0,31.0,248.77039274924476,4.6797583081571,32746.0,331000000.0,63000.0,4,-0.012499999999999956,-0.36734693877551017,1
USA,North America,United States,2020-03-05,84438.0,2095.0,1576.0,27.0,255.09969788519635,4.761329305135952,33754.0,331000000.0,63000.0,4,0.019961051606621316,-0.12903225806451613,1
USA,North America,United States,2020-03-06,86578.0,2140.0,1634.0,58.0,261.56495468277944,4.936555891238671,34814.0,331000000.0,63000.0,4,0.021479713603818507,1.1481481481481484,1
USA,North America,United States,2020-03-07,88755.0,2177.0,1686.0,52.0,268.1419939577039,5.093655589123867,35777.0,331000000.0,63000.0,4,0.01728971962616832,-0.10344827586206895,1
USA,North America,United States,2020-03-08,90944.0,2189.0,1740.0,54.0,274.75528700906347,5.256797583081571,36838.0,331000000.0,63000.0,4,0.005512172714745134,0.03846153846153855,1
USA,North America,United States,2020-03-09,93137.0,2193.0,1805.0,65.0,281.380664652568,5.453172205438066,37874.0,331000000.0,63000.0,4,0.001827318410233092,0.20370370370370372,1
USA,North America,United States,2020-03-10,95444.0,2307.0,1852.0,31.0,288.35045317220545,5.595166163141994,38882.0,331000000.0,63000.0,4,0.051983584131326976,-0.523076923076923,1
USA,North America,United States,2020-03-11,97592.0,2148.0,1907.0,55.0,294.8398791540786,5.761329305135951,39873.0,331000000.0,63000.0,4,-0.06892067620286091,0.7741935483870968,1
USA,North America,United States,2020-03-12,99949.0,2357.0,1946.0,39.0,301.96072507552867,5.879154078549849,40896.0,331000000.0,63000.0,4,0.09729981378026076,-0.2909090909090909,1
USA,North America,United States,2020-03-13,102208.0,2259.0,1974.0,28.0,308.78549848942595,5.9637462235649545,41863.0,331000000.0,63000.0,4,-0.04157827747136189,-0.28205128205128205,1
USA,North America,United States,2020-03-14,104522.0,2314.0,2013.0,39.0,315.7764350453172,6.0815709969788525,42870.0,331000000.0,63000.0,4,0.024347056219566232,0.3928571428571428,1
USA,North America,United States,2020-03-15,106814.0,2292.0,2039.0,26.0,322.70090634441084,6.16012084592145,43879.0,331000000.0,63000.0,4,-0.009507346585998278,-0.33333333333333337,1
USA,North America,United States,2020-03-16,109226.0,2412.0,2106.0,67.0,329.987915407855,6.362537764350453,44849.0,331000000.0,63000.0,4,0.05235602094240832,1.576923076923077,1
USA,North America,United States,2020-03-17,111635.0,2409.0,2167.0,61.0,337.2658610271903,6.546827794561934,45845.0,331000000.0,63000.0,4,-0.0012437810945273853,-0.08955223880597019,1
USA,North America,United States,2020-03-18,114052.0,2417.0,2218.0,51.0,344.5679758308157,6.700906344410876,46808.0,331000000.0,63000.0,4,0.0033208800332087396,-0.16393442622950816,1
USA,North America,United States,2020-03-19,116484.0,2432.0,2273.0,55.0,351.9154078549849,6.867069486404834,47800.0,331000000.0,63000.0,4,0.006206040546131497,0.07843137254901955,1
USA,North America,United States,2020-03-20,118902.0,2418.0,2329.0,56.0,359.2205438066465,7.0362537764350455,48774.0,331000000.0,63000.0,4,-0.005756578947368474,0.018181818181818077,1
USA,North America,United States,2020-03-21,121449.0,2547.0,2387.0,58.0,366.9154078549849,7.211480362537764,49748.0,331000000.0,63000.0,4,0.053349875930521096,0.03571428571428581,1
USA,North America,United States,2020-03-22,123934.0,1732.0,2454.0,67.0,374.42296072507554,7.413897280966768,50782.0,331000000.0,63000.0,4,-0.31998429524931293,0.15517241379310343,1
USA,North America,United States,2020-03-23,126509.0,2575.0,2494.0,40.0,382.202416918429,7.5347432024169185,51829.0,331000000.0,63000.0,4,0.48672055427251726,-0.4029850746268657,1
USA,North America,United States,2020-03-24,129000.0,2491.0,2520.0,26.0,389.7280966767372,7.613293051359516,52796.0,331000000.0,63000.0,4,-0.032621359223301005,-0.35,1
USA,North America,United States,2020-03-25,131589.0,2589.0,2588.0,68.0,397.5498489425982,7.818731117824774,53781.0,331000000.0,63000.0,4,0.0393416298675231,1.6153846153846154,1
USA,North America,United States,2020-03-26,134196.0,2607.0,2628.0,40.0,405.42598187311177,7.939577039274925,54792.0,331000000.0,63000.0,4,0.006952491309385911,-0.4117647058823529,1
USA,North America,United States,2020-03-27,136854.0,2658.0,2670.0,42.0,413.4561933534743,8.066465256797583,55862.0,331000000.0,63000.0,4,0.019562715765247374,0.050000000000000044,1
USA,North America,United States,2020-03-28,139465.0,2611.0,2721.0,51.0,421.3444108761329,8.220543806646527,56908.0,331000000.0,63000.0,4,-0.01768246802106843,0.2142857142857142,1
USA,North America,United States,2020-03-29,142154.0,2689.0,2762.0,41.0,429.4682779456193,8.34441087613293,57912.0,331000000.0,63000.0,4,0.029873611643048692,-0.196078431372549,1
USA,North America,United States,2020-03-30,144841.0,2687.0,2833.0,71.0,437.5861027190332,8.558912386706949,58878.0,331000000.0,63000.0,4,-0.0007437709185570407,0.7317073170731707,1
USA,North America,United States,2020-03-31,147519.0,2678.0,2874.0,41.0,445.67673716012087,8.682779456193353,59883.0,331000000.0,63000.0,4,-0.003349460364719059,-0.4225352112676056,1
USA,North America,United States,2020-04-01,150351.0,2832.0,2902.0,28.0,454.2326283987916,8.76737160120846,60843.0,331000000.0,63000.0,4,0.05750560119492154,-0.31707317073170727,1
USA,North America,United States,2020-04-02,153221.0,2870.0,2965.0,63.0,462.9033232628399,8.957703927492446,61858.0,331000000.0,63000.0,4,0.013418079096045199,1.25,1
USA,North America,United States,2020-04-03,156134.0,2913.0,3016.0,51.0,471.7039274924471,9.11178247734139,62860.0,331000000.0,63000.0,4,0.01498257839721262,-0.19047619047619047,1
USA,North America,United States,2020-04-04,158925.0,2791.0,3048.0,32.0,480.1359516616314,9.20845921450151,63869.0,331000000.0,63000.0,4,-0.04188122210779266,-0.37254901960784315,1
USA,North America,United States,2020-04-05,161783.0,2858.0,3096.0,48.0,488.7703927492447,9.353474320241691,64890.0,331000000.0,63000.0,4,0.024005732712289563,0.5,1
USA,North America,United States,2020-04-06,164693.0,2910.0,3163.0,67.0,497.5619335347432,9.555891238670696,65952.0,331000000.0,63000.0,4,0.018194541637508665,0.39583333333333326,1
USA,North America,United States,2020-04-07,167570.0,2877.0,3206.0,43.0,506.25377643504527,9.685800604229607,66961.0,331000000.0,63000.0,4,-0.01134020618556697,-0.35820895522388063,1
USA,North America,United States,2020-04-08,170519.0,2949.0,3255.0,49.0,515.1631419939578,9.833836858006045,67987.0,331000000.0,63000.0,4,0.02502606882168923,0.13953488372093026,1
USA,North America,United States,2020-04-09,173397.0,2878.0,3312.0,57.0,523.8580060422961,10.006042296072508,69005.0,331000000.0,63000.0,4,-0.024075957951848137,0.16326530612244894,1
