iso_code,continent,location,date,total_cases,new_cases,total_deaths,new_deaths,total_cases_per_million,total_deaths_per_million,total_vaccinations,population,gdp_per_capita
UKR,Europe,Ukraine,2020-01-01,492.0,492.0,12.0,12.0,11.44186046511628,0.27906976744186046,0.0,43000000.0,13000.0
UKR,Europe,Ukraine,2020-01-02,1023.0,531.0,18.0,6.0,23.790697674418603,0.4186046511627907,0.0,43000000.0,13000.0
UKR,Europe,Ukraine,2020-01-03,1580.0,557.0,23.0,5.0,36.74418604651163,0.5348837209302325,0.0,43000000.0,13000.0
UKR,Europe,Ukraine,2020-01-04,2133.0,553.0,30.0,7.0,49.604651162790695,0.6976744186046512,0.0,43000000.0,13000.0
UKR,Europe,Ukraine,2020-01-05,2719.0,586.0,40.0,10.0,63.23255813953488,0.9302325581395349,0.0,43000000.0,13000.0
UKR,Europe,Ukraine,2020-01-06,3328.0,609.0,47.0,7.0,77.39534883720931,1.0930232558139534,0.0,43000000.0,13000.0
UKR,Europe,Ukraine,2020-01-07,3962.0,634.0,59.0,12.0,92.13953488372093,1.372093023255814,0.0,43000000.0,13000.0
UKR,Europe,Ukraine,2020-01-08,4660.0,698.0,73.0,14.0,108.37209302325581,1.697674418604651,0.0,43000000.0,13000.0
UKR,Europe,Ukraine,2020-01-09,5367.0,707.0,88.0,15.0,124.81395348837209,2.046511627906977,0.0,43000000.0,13000.0
UKR,Europe,Ukraine,2020-01-10,6063.0,696.0,108.0,20.0,141.0,2.511627906976744,0.0,43000000.0,13000.0
UKR,Europe,Ukraine,2020-01-11,6797.0,,125.0,17.0,158.06976744186045,2.9069767441860463,0.0,43000000.0,13000.0
UKR,Europe,Ukraine,2020-01-12,7567.0,770.0,140.0,15.0,175.97674418604652,3.255813953488372,0.0,43000000.0,13000.0
UKR,Europe,Ukraine,2020-01-13,8346.0,779.0,152.0,12.0,194.09302325581393,3.534883720930232,0.0,43000000.0,13000.0
UKR,Europe,Ukraine,2020-01-14,9173.0,827.0,163.0,11.0,213.32558139534882,3.7906976744186047,0.0,43000000.0,13000.0
UKR,Europe,Ukraine,2020-01-15,10031.0,858.0,173.0,10.0,233.27906976744185,4.023255813953488,0.0,43000000.0,13000.0
UKR,Europe,Ukraine,2020-01-16,10877.0,846.0,186.0,13.0,252.95348837209303,4.325581395348837,0.0,43000000.0,13000.0
UKR,Europe,Ukraine,2020-01-17,11767.0,890.0,209.0,23.0,273.6511627906977,4.8604651162790695,0.0,43000000.0,13000.0
UKR,Europe,Ukraine,2020-01-18,12679.0,912.0,228.0,19.0,294.8604651162791,5.3023255813953485,0.0,43000000.0,13000.0
UKR,Europe,Ukraine,2020-01-19,13591.0,912.0,238.0,10.0,316.0697674418605,5.534883720930233,0.0,43000000.0,13000.0
UKR,Europe,Ukraine,2020-01-20,14536.0,945.0,262.0,24.0,338.04651162790697,6.093023255813954,0.0,43000000.0,13000.0
UKR,Europe,Ukraine,2020-01-21,15555.0,1019.0,287.0,25.0,361.74418604651163,6.674418604651162,0.0,43000000.0,13000.0
UKR,Europe,Ukraine,2020-01-22,16522.0,967.0,298.0,11.0,384.2325581395349,6.930232558139535,0.0,43000000.0,13000.0
UKR,Europe,Ukraine,2020-01-23,17613.0,1091.0,316.0,18.0,409.60465116279073,7.348837209302326,0.0,43000000.0,13000.0
UKR,Europe,Ukraine,2020-01-24,18624.0,1011.0,332.0,16.0,433.1162790697675,7.72093023255814,0.0,43000000.0,13000.0
UKR,Europe,Ukraine,2020-01-25,19747.0,1123.0,363.0,31.0,459.2325581395349,8.44186046511628,0.0,43000000.0,13000.0
UKR,Europe,Ukraine,2020-01-26,20869.0,1122.0,390.0,27.0,485.3255813953489,9.069767441860465,0.0,43000000.0,13000.0
UKR,Europe,Ukraine,2020-01-27,22046.0,1177.0,419.0,29.0,512.6976744186046,9.74418604651163,0.0,43000000.0,13000.0
UKR,Europe,Ukraine,2020-01-28,,1174.0,440.0,21.0,540.0,10.232558139534884,0.0,43000000.0,13000.0
UKR,Europe,Ukraine,2020-01-29,24401.0,1181.0,473.0,33.0,567.4651162790698,11.0,0.0,43000000.0,13000.0
UKR,Europe,Ukraine,2020-01-30,25599.0,1198.0,503.0,30.0,595.3255813953488,11.697674418604652,0.0,43000000.0,13000.0
UKR,Europe,Ukraine,2020-01-31,26819.0,,522.0,19.0,623.6976744186046,12.13953488372093,0.0,43000000.0,13000.0
UKR,Europe,Ukraine,2020-02-01,28054.0,1235.0,554.0,32.0,652.4186046511628,12.883720930232558,1012.0,43000000.0,13000.0
UKR,Europe,Ukraine,2020-02-02,29389.0,1335.0,591.0,37.0,683.4651162790698,13.744186046511627,2015.0,43000000.0,13000.0
UKR,Europe,Ukraine,2020-02-03,30768.0,1379.0,607.0,16.0,715.5348837209302,14.116279069767442,2988.0,43000000.0,13000.0
UKR,Europe,Ukraine,2020-02-04,32156.0,1388.0,621.0,14.0,747.8139534883721,14.44186046511628,3989.0,43000000.0,13000.0
UKR,Europe,Ukraine,2020-02-05,33499.0,1343.0,643.0,22.0,779.046511627907,14.953488372093023,5055.0,43000000.0,13000.0
UKR,Europe,Ukraine,2020-02-06,34901.0,1402.0,667.0,24.0,811.6511627906976,15.511627906976743,6031.0,43000000.0,13000.0
UKR,Europe,Ukraine,2020-02-07,36304.0,1403.0,682.0,15.0,844.2790697674419,15.86046511627907,7041.0,43000000.0,13000.0
UKR,Europe,Ukraine,2020-02-08,37669.0,1365.0,720.0,38.0,876.0232558139536,16.74418604651163,8016.0,43000000.0,13000.0
UKR,Europe,Ukraine,2020-02-09,39143.0,1474.0,741.0,21.0,910.3023255813954,17.232558139534884,9032.0,43000000.0,13000.0
UKR,Europe,Ukraine,2020-02-10,40612.0,1469.0,766.0,25.0,944.4651162790698,17.813953488372093,10044.0,43000000.0,13000.0
UKR,Europe,Ukraine,2020-02-11,42141.0,1529.0,806.0,40.0,980.0232558139536,18.744186046511626,11027.0,43000000.0,13000.0
UKR,Europe,Ukraine,2020-02-12,43711.0,1570.0,837.0,31.0,1016.5348837209301,19.46511627906977,12000.0,43000000.0,13000.0
UKR,Europe,Ukraine,2020-02-13,45244.0,1533.0,864.0,27.0,1052.1860465116279,20.093023255813954,13062.0,43000000.0,13000.0
UKR,Europe,Ukraine,2020-02-14,46825.0,1581.0,909.0,45.0,1088.953488372093,21.139534883720927,14104.0,43000000.0,13000.0
UKR,Europe,Ukraine,2020-02-15,48469.0,1644.0,943.0,34.0,1127.1860465116279,21.930232558139537,15107.0,43000000.0,13000.0
UKR,Europe,Ukraine,2020-02-16,50055.0,1586.0,987.0,44.0,1164.0697674418604,22.953488372093023,16119.0,43000000.0,13000.0
UKR,Europe,Ukraine,2020-02-17,51712.0,1657.0,1033.0,46.0,1202.6046511627908,24.02325581395349,17164.0,43000000.0,13000.0
UKR,Europe,Ukraine,2020-02-18,53429.0,1717.0,1055.0,22.0,1242.53488372093,24.534883720930235,18212.0,43000000.0,13000.0
UKR,Europe,Ukraine,2020-02-19,55174.0,1745.0,1078.0,23.0,1283.1162790697674,25.069767441860463,19216.0,43000000.0,13000.0
UKR,Europe,Ukraine,2020-02-20,56942.0,1768.0,1120.0,42.0,1324.2325581395348,26.046511627906977,20190.0,43000000.0,13000.0
UKR,Europe,Ukraine,2020-02-21,58749.0,1807.0,1168.0,48.0,1366.2558139534883,27.162790697674417,21204.0,43000000.0,13000.0
UKR,Europe,Ukraine,2020-02-22,60482.0,1733.0,1194.0,26.0,1406.5581395348836,27.76744186046512,22194.0,43000000.0,13000.0
UKR,Europe,Ukraine,2020-02-23,62323.0,1841.0,1230.0,36.0,1449.3720930232557,28.604651162790695,23201.0,43000000.0,13000.0
UKR,Europe,Ukraine,2020-02-24,64131.0,1808.0,1258.0,28.0,1491.4186046511627,29.25581395348837,24189.0,43000000.0,13000.0
UKR,Europe,Ukraine,2020-02-25,66085.0,,1315.0,57.0,1536.860465116279,30.58139534883721,25170.0,43000000.0,13000.0
UKR,Europe,Ukraine,2020-02-26,68037.0,1952.0,1341.0,26.0,1582.2558139534885,31.186046511627904,26175.0,43000000.0,13000.0
UKR,Europe,Ukraine,2020-02-27,69987.0,1950.0,1364.0,23.0,1627.6046511627908,31.72093023255814,27136.0,43000000.0,13000.0
UKR,Europe,Ukraine,2020-02-28,71996.0,2009.0,1412.0,48.0,1674.325581395349,32.83720930232558,28155.0,43000000.0,13000.0
UKR,Europe,Ukraine,2020-02-29,73944.0,1948.0,1463.0,51.0,1719.6279069767443,34.02325581395348,29195.0,43000000.0,13000.0
UKR,Europe,Ukraine,2020-03-01,75945.0,2001.0,1514.0,51.0,1766.1627906976744,35.20930232558139,30209.0,43000000.0,13000.0
UKR,Europe,Ukraine,2020-03-02,78012.0,2067.0,1548.0,34.0,1814.2325581395348,36.0,31198.0,43000000.0,13000.0
UKR,Europe,Ukraine,2020-03-03,80072.0,2060.0,1587.0,39.0,1862.139534883721,36.906976744186046,32202.0,43000000.0,13000.0
UKR,Europe,Ukraine,2020-03-04,82159.0,2087.0,1609.0,22.0,1910.6744186046512,37.41860465116279,33235.0,43000000.0,13000.0
UKR,Europe,Ukraine,2020-03-05,,2040.0,1660.0,51.0,1958.1162790697674,38.6046511627907,34207.0,43000000.0,13000.0
UKR,Europe,Ukraine,2020-03-06,86247.0,2048.0,1702.0,42.0,2005.744186046512,39.58139534883721,35211.0,43000000.0,13000.0
UKR,Europe,Ukraine,2020-03-07,88399.0,2152.0,1757.0,55.0,2055.790697674419,40.860465116279066,36189.0,43000000.0,13000.0
UKR,Europe,Ukraine,2020-03-08,90493.0,2094.0,1818.0,61.0,2104.4883720930234,42.279069767441854,37224.0,43000000.0,13000.0
UKR,Europe,Ukraine,2020-03-09,92681.0,2188.0,1846.0,28.0,2155.3720930232557,42.93023255813953,38200.0,43000000.0,13000.0
UKR,Europe,Ukraine,2020-03-10,,2255.0,1881.0,35.0,2207.8139534883717,43.74418604651162,39205.0,43000000.0,13000.0
UKR,Europe,Ukraine,2020-03-11,97175.0,2239.0,1919.0,,2259.8837209302324,44.627906976744185,40230.0,43000000.0,13000.0
UKR,Europe,Ukraine,2020-03-12,99384.0,2209.0,1942.0,23.0,2311.255813953488,45.162790697674424,41268.0,43000000.0,13000.0
UKR,Europe,Ukraine,2020-03-13,101680.0,2296.0,1987.0,45.0,2364.651162790698,46.2093023255814,42266.0,43000000.0,13000.0
UKR,Europe,Ukraine,2020-03-14,103996.0,2316.0,2038.0,51.0,2418.5116279069766,47.395348837209305,43278.0,43000000.0,13000.0
UKR,Europe,Ukraine,2020-03-15,106328.0,2332.0,2084.0,46.0,2472.744186046512,48.46511627906977,44316.0,43000000.0,13000.0
UKR,Europe,Ukraine,2020-03-16,108649.0,2321.0,2137.0,53.0,2526.720930232558,49.69767441860465,45380.0,43000000.0,13000.0
UKR,Europe,Ukraine,2020-03-17,111033.0,2384.0,2182.0,45.0,2582.162790697674,50.74418604651162,46384.0,43000000.0,13000.0
UKR,Europe,Ukraine,2020-03-18,113442.0,,2249.0,67.0,2638.186046511628,52.30232558139535,47353.0,43000000.0,13000.0
UKR,Europe,Ukraine,2020-03-19,115817.0,,2277.0,28.0,2693.4186046511627,52.95348837209302,48370.0,43000000.0,13000.0
UKR,Europe,Ukraine,2020-03-20,118265.0,2448.0,2302.0,25.0,2750.3488372093025,53.53488372093023,49402.0,43000000.0,13000.0
UKR,Europe,Ukraine,2020-03-21,120696.0,2431.0,2356.0,54.0,2806.883720930233,54.7906976744186,50445.0,43000000.0,13000.0
UKR,Europe,Ukraine,2020-03-22,123269.0,2573.0,2390.0,34.0,2866.720930232558,55.581395348837205,51469.0,43000000.0,13000.0
UKR,Europe,Ukraine,2020-03-23,125800.0,2531.0,2432.0,42.0,2925.581395348837,56.558139534883715,52528.0,43000000.0,13000.0
UKR,Europe,Ukraine,2020-03-24,128365.0,2565.0,2496.0,64.0,2985.232558139535,58.04651162790698,53481.0,43000000.0,13000.0
UKR,Europe,Ukraine,2020-03-25,130966.0,2601.0,2538.0,42.0,3045.720930232558,59.02325581395349,54528.0,43000000.0,13000.0
UKR,Europe,Ukraine,2020-03-26,133509.0,2543.0,2611.0,73.0,3104.860465116279,60.72093023255814,55600.0,43000000.0,13000.0
UKR,Europe,Ukraine,2020-03-27,136179.0,2670.0,2653.0,42.0,3166.953488372093,61.69767441860465,56584.0,43000000.0,13000.0
UKR,Europe,Ukraine,2020-03-28,138894.0,2715.0,2723.0,70.0,3230.093023255814,63.325581395348834,57533.0,43000000.0,13000.0
UKR,Europe,Ukraine,2020-03-29,141486.0,2592.0,2771.0,48.0,3290.3720930232557,64.44186046511628,58578.0,43000000.0,13000.0
UKR,Europe,Ukraine,2020-03-30,144139.0,2653.0,2837.0,66.0,3352.0697674418607,65.9767441860465,59589.0,43000000.0,13000.0
UKR,Europe,Ukraine,2020-03-31,146801.0,2662.0,2867.0,30.0,3413.9767441860467,66.67441860465117,60622.0,43000000.0,13000.0
UKR,Europe,Ukraine,2020-04-01,149486.0,2685.0,2946.0,79.0,3476.4186046511627,68.51162790697674,61610.0,43000000.0,13000.0
UKR,Europe,Ukraine,2020-04-02,152267.0,2781.0,3017.0,71.0,3541.093023255814,70.16279069767442,62615.0,43000000.0,13000.0
UKR,Europe,Ukraine,2020-04-03,155176.0,2909.0,3074.0,57.0,3608.7441860465115,71.48837209302326,63548.0,43000000.0,13000.0
UKR,Europe,Ukraine,2020-04-04,157952.0,2776.0,3143.0,69.0,3673.3023255813955,73.09302325581396,64555.0,43000000.0,13000.0
UKR,Europe,Ukraine,2020-04-05,160808.0,2856.0,3221.0,78.0,3739.720930232558,74.90697674418605,65498.0,43000000.0,13000.0
UKR,Europe,Ukraine,2020-04-06,163728.0,2920.0,3276.0,55.0,3807.6279069767443,76.18604651162791,66510.0,43000000.0,13000.0
UKR,Europe,Ukraine,2020-04-07,166735.0,3007.0,3322.0,46.0,3877.5581395348836,77.25581395348837,67506.0,43000000.0,13000.0
UKR,Europe,Ukraine,2020-04-08,169649.0,2914.0,3378.0,56.0,3945.3255813953488,78.55813953488372,68492.0,43000000.0,13000.0
UKR,Europe,Ukraine,2020-04-09,172629.0,2980.0,3456.0,78.0,4014.6279069767443,80.37209302325581,69509.0,43000000.0,13000.0
USA,North America,United States,2020-01-01,536.0,536.0,15.0,,1.6193353474320242,0.045317220543806644,0.0,331000000.0,63000.0
USA,North America,United States,2020-01-02,1077.0,541.0,24.0,9.0,3.2537764350453173,0.07250755287009063,0.0,331000000.0,63000.0
USA,North America,United States,2020-01-03,1672.0,595.0,30.0,6.0,5.051359516616315,0.09063444108761329,0.0,331000000.0,63000.0
USA,North America,United States,2020-01-04,2219.0,547.0,39.0,9.0,6.7039274924471295,0.11782477341389729,0.0,331000000.0,63000.0
USA,North America,United States,2020-01-05,2847.0,628.0,50.0,11.0,8.6012084592145,0.15105740181268884,0.0,331000000.0,63000.0
USA,North America,United States,2020-01-06,3455.0,608.0,66.0,16.0,10.438066465256798,0.19939577039274925,0.0,331000000.0,63000.0
USA,North America,United States,2020-01-07,4135.0,680.0,78.0,12.0,12.492447129909367,0.23564954682779457,0.0,331000000.0,63000.0
USA,North America,United States,2020-01-08,4818.0,683.0,94.0,16.0,14.555891238670695,0.283987915407855,0.0,331000000.0,63000.0
USA,North America,United States,2020-01-09,5527.0,709.0,102.0,8.0,16.69788519637462,0.3081570996978852,0.0,331000000.0,63000.0
USA,North America,United States,2020-01-10,6266.0,,120.0,18.0,18.93051359516616,0.36253776435045315,0.0,331000000.0,63000.0
USA,North America,United States,2020-01-11,,,135.0,15.0,21.19939577039275,0.4078549848942598,0.0,331000000.0,63000.0
USA,North America,United States,2020-01-12,7797.0,780.0,149.0,14.0,23.555891238670693,0.4501510574018127,0.0,331000000.0,63000.0
USA,North America,United States,2020-01-13,8561.0,764.0,168.0,19.0,25.86404833836858,0.5075528700906344,0.0,331000000.0,63000.0
USA,North America,United States,2020-01-14,9396.0,835.0,179.0,11.0,28.386706948640484,0.540785498489426,0.0,331000000.0,63000.0
USA,North America,United States,2020-01-15,10209.0,813.0,192.0,13.0,30.842900302114803,0.580060422960725,0.0,331000000.0,63000.0
USA,North America,United States,2020-01-16,11092.0,883.0,208.0,16.0,33.51057401812689,0.6283987915407855,0.0,331000000.0,63000.0
USA,North America,United States,2020-01-17,12039.0,947.0,227.0,19.0,36.37160120845921,0.6858006042296073,0.0,331000000.0,63000.0
USA,North America,United States,2020-01-18,12991.0,952.0,248.0,21.0,39.24773413897281,0.7492447129909365,0.0,331000000.0,63000.0
USA,North America,United States,2020-01-19,13904.0,,266.0,18.0,42.00604229607251,0.8036253776435045,0.0,331000000.0,63000.0
USA,North America,United States,2020-01-20,14856.0,952.0,294.0,28.0,44.88217522658611,0.8882175226586103,0.0,331000000.0,63000.0
USA,North America,United States,2020-01-21,15855.0,999.0,316.0,22.0,47.90030211480362,0.9546827794561934,0.0,331000000.0,63000.0
USA,North America,United States,2020-01-22,16854.0,999.0,328.0,12.0,50.918429003021146,0.9909365558912386,0.0,331000000.0,63000.0
USA,North America,United States,2020-01-23,17861.0,1007.0,340.0,12.0,53.9607250755287,1.027190332326284,0.0,331000000.0,63000.0
USA,North America,United States,2020-01-24,18949.0,1088.0,358.0,18.0,57.24773413897281,1.081570996978852,0.0,331000000.0,63000.0
USA,North America,United States,2020-01-25,20098.0,1149.0,384.0,26.0,60.7190332326284,1.16012084592145,0.0,331000000.0,63000.0
USA,North America,United States,2020-01-26,21187.0,1089.0,395.0,11.0,64.00906344410876,1.1933534743202416,0.0,331000000.0,63000.0
USA,North America,United States,2020-01-27,22300.0,1113.0,410.0,15.0,67.37160120845921,1.2386706948640482,0.0,331000000.0,63000.0
USA,North America,United States,2020-01-28,23419.0,1119.0,431.0,21.0,70.7522658610272,1.3021148036253776,0.0,331000000.0,63000.0
USA,North America,United States,2020-01-29,24587.0,1168.0,454.0,23.0,74.2809667673716,1.3716012084592146,0.0,331000000.0,63000.0
USA,North America,United States,2020-01-30,25832.0,1245.0,486.0,32.0,78.04229607250755,1.4682779456193353,0.0,331000000.0,63000.0
USA,North America,United States,2020-01-31,27095.0,1263.0,520.0,34.0,81.85800604229607,1.5709969788519635,0.0,331000000.0,63000.0
USA,North America,United States,2020-02-01,28432.0,1337.0,540.0,20.0,85.89728096676737,1.6314199395770392,1031.0,331000000.0,63000.0
USA,North America,United States,2020-02-02,29695.0,1263.0,561.0,21.0,89.71299093655588,1.6948640483383686,2030.0,331000000.0,63000.0
USA,North America,United States,2020-02-03,31006.0,1311.0,593.0,32.0,93.6737160120846,1.7915407854984895,2943.0,331000000.0,63000.0
USA,North America,United States,2020-02-04,32379.0,1373.0,620.0,27.0,97.82175226586102,1.8731117824773416,3946.0,331000000.0,63000.0
USA,North America,United States,2020-02-05,33748.0,1369.0,640.0,20.0,101.95770392749245,1.9335347432024168,4924.0,331000000.0,63000.0
USA,North America,United States,2020-02-06,35114.0,1366.0,656.0,16.0,106.08459214501511,1.9818731117824773,5969.0,331000000.0,63000.0
USA,North America,United States,2020-02-07,36559.0,1445.0,684.0,28.0,110.45015105740181,2.0664652567975828,6917.0,331000000.0,63000.0
USA,North America,United States,2020-02-08,38018.0,1459.0,711.0,27.0,114.85800604229607,2.148036253776435,7875.0,331000000.0,63000.0
USA,North America,United States,2020-02-09,39478.0,1460.0,742.0,31.0,119.26888217522658,2.241691842900302,8862.0,331000000.0,63000.0
USA,North America,United States,2020-02-10,40990.0,1512.0,760.0,18.0,123.83685800604229,2.29607250755287,9825.0,331000000.0,63000.0
USA,North America,United States,2020-02-11,42471.0,1481.0,783.0,23.0,128.31117824773412,2.3655589123867067,10791.0,331000000.0,63000.0
USA,North America,United States,2020-02-12,,1482.0,809.0,26.0,132.78851963746223,2.4441087613293053,11782.0,331000000.0,63000.0
USA,North America,United States,2020-02-13,45578.0,1625.0,833.0,24.0,137.69788519637464,2.516616314199396,12748.0,331000000.0,63000.0
USA,North America,United States,2020-02-14,47252.0,1674.0,868.0,35.0,142.75528700906344,2.622356495468278,13727.0,331000000.0,63000.0
USA,North America,United States,2020-02-15,48836.0,1584.0,897.0,29.0,147.54078549848944,2.709969788519637,14728.0,331000000.0,63000.0
USA,North America,United States,2020-02-16,50429.0,1593.0,922.0,25.0,152.3534743202417,2.785498489425982,15735.0,331000000.0,63000.0
USA,North America,United States,2020-02-17,52102.0,1673.0,940.0,18.0,157.40785498489424,2.8398791540785497,16720.0,331000000.0,63000.0
USA,North America,United States,2020-02-18,53780.0,1678.0,965.0,25.0,162.4773413897281,2.9154078549848945,17737.0,331000000.0,63000.0
USA,North America,United States,2020-02-19,55516.0,1736.0,996.0,31.0,167.72205438066467,3.009063444108761,18723.0,331000000.0,63000.0
USA,North America,United States,2020-02-20,57210.0,1694.0,1044.0,48.0,172.83987915407855,3.1540785498489425,19690.0,331000000.0,63000.0
USA,North America,United States,2020-02-21,59016.0,1806.0,1092.0,48.0,178.29607250755288,3.299093655589124,20651.0,331000000.0,63000.0
USA,North America,United States,2020-02-22,,1760.0,1115.0,23.0,183.61329305135953,3.3685800604229605,21683.0,331000000.0,63000.0
USA,North America,United States,2020-02-23,62604.0,1828.0,1165.0,50.0,189.13595166163142,3.5196374622356497,22673.0,331000000.0,63000.0
USA,North America,United States,2020-02-24,64447.0,1843.0,1200.0,35.0,194.70392749244715,3.6253776435045317,23654.0,331000000.0,63000.0
USA,North America,United States,2020-02-25,66322.0,1875.0,1252.0,52.0,200.36858006042294,3.782477341389728,24643.0,331000000.0,63000.0
USA,North America,United States,2020-02-26,68291.0,1969.0,1276.0,24.0,206.31722054380666,3.854984894259819,25707.0,331000000.0,63000.0
USA,North America,United States,2020-02-27,70195.0,1904.0,1325.0,49.0,212.06948640483384,4.003021148036254,26718.0,331000000.0,63000.0
USA,North America,United States,2020-02-28,72210.0,2015.0,1351.0,26.0,218.1570996978852,4.081570996978852,27700.0,331000000.0,63000.0
USA,North America,United States,2020-02-29,74218.0,2008.0,1393.0,42.0,224.2235649546828,4.20845921450151,28725.0,331000000.0,63000.0
USA,North America,United States,2020-03-01,76197.0,1979.0,1417.0,24.0,230.202416918429,4.280966767371601,29762.0,331000000.0,63000.0
USA,North America,United States,2020-03-02,78209.0,2012.0,1443.0,26.0,236.2809667673716,4.3595166163142,30735.0,331000000.0,63000.0
USA,North America,United States,2020-03-03,80289.0,2080.0,1492.0,49.0,242.56495468277947,4.507552870090635,31739.0,331000000.0,63000.0
USA,North America,United States,2020-03-04,82343.0,2054.0,1549.0,,248.77039274924473,4.6797583081570995,32746.0,331000000.0,63000.0
USA,North America,United States,2020-03-05,84438.0,2095.0,1576.0,27.0,255.09969788519635,4.761329305135952,33754.0,331000000.0,63000.0
USA,North America,United States,2020-03-06,86578.0,2140.0,1634.0,58.0,261.56495468277944,4.936555891238671,34814.0,331000000.0,63000.0
USA,North America,United States,2020-03-07,88755.0,2177.0,1686.0,52.0,268.1419939577039,5.093655589123867,35777.0,331000000.0,63000.0
USA,North America,United States,2020-03-08,90944.0,2189.0,1740.0,54.0,274.75528700906347,5.256797583081571,36838.0,331000000.0,63000.0
USA,North America,United States,2020-03-09,93137.0,2193.0,1805.0,65.0,281.380664652568,5.453172205438066,37874.0,331000000.0,63000.0
USA,North America,United States,2020-03-10,95444.0,2307.0,1852.0,,288.35045317220545,5.595166163141994,38882.0,331000000.0,63000.0
USA,North America,United States,2020-03-11,97592.0,2148.0,1907.0,55.0,294.8398791540786,5.761329305135951,39873.0,331000000.0,63000.0
USA,North America,United States,2020-03-12,99949.0,2357.0,1946.0,39.0,301.96072507552867,5.879154078549849,40896.0,331000000.0,63000.0
USA,North America,United States,2020-03-13,102208.0,2259.0,1974.0,28.0,308.78549848942595,5.9637462235649545,41863.0,331000000.0,63000.0
USA,North America,United States,2020-03-14,104522.0,2314.0,2013.0,39.0,315.7764350453172,6.0815709969788525,42870.0,331000000.0,63000.0
USA,North America,United States,2020-03-15,106814.0,2292.0,2039.0,26.0,322.70090634441084,6.16012084592145,43879.0,331000000.0,63000.0
USA,North America,United States,2020-03-16,109226.0,2412.0,2106.0,67.0,329.987915407855,6.362537764350453,44849.0,331000000.0,63000.0
USA,North America,United States,2020-03-17,111635.0,2409.0,2167.0,61.0,337.2658610271903,6.546827794561934,45845.0,331000000.0,63000.0
USA,North America,United States,2020-03-18,114052.0,2417.0,2218.0,51.0,344.5679758308157,6.700906344410876,46808.0,331000000.0,63000.0
USA,North America,United States,2020-03-19,116484.0,2432.0,2273.0,55.0,351.9154078549849,6.867069486404834,47800.0,331000000.0,63000.0
USA,North America,United States,2020-03-20,118902.0,2418.0,2329.0,56.0,359.2205438066465,7.0362537764350455,48774.0,331000000.0,63000.0
USA,North America,United States,2020-03-21,121449.0,2547.0,2387.0,58.0,366.9154078549849,7.211480362537764,49748.0,331000000.0,63000.0
USA,North America,United States,2020-03-22,123934.0,,2454.0,67.0,374.42296072507554,7.413897280966768,50782.0,331000000.0,63000.0
USA,North America,United States,2020-03-23,126509.0,2575.0,2494.0,40.0,382.202416918429,7.5347432024169185,51829.0,331000000.0,63000.0
USA,North America,United States,2020-03-24,129000.0,2491.0,2520.0,26.0,389.72809667673715,7.613293051359516,52796.0,331000000.0,63000.0
USA,North America,United States,2020-03-25,131589.0,2589.0,2588.0,68.0,397.5498489425982,7.818731117824774,53781.0,331000000.0,63000.0
USA,North America,United States,2020-03-26,134196.0,2607.0,2628.0,40.0,405.42598187311177,7.939577039274925,54792.0,331000000.0,63000.0
USA,North America,United States,2020-03-27,136854.0,2658.0,2670.0,42.0,413.4561933534743,8.066465256797583,55862.0,331000000.0,63000.0
USA,North America,United States,2020-03-28,139465.0,2611.0,2721.0,51.0,421.3444108761329,8.220543806646527,56908.0,331000000.0,63000.0
USA,North America,United States,2020-03-29,142154.0,2689.0,2762.0,41.0,429.4682779456193,8.34441087613293,57912.0,331000000.0,63000.0
USA,North America,United States,2020-03-30,144841.0,2687.0,2833.0,71.0,437.5861027190332,8.558912386706949,58878.0,331000000.0,63000.0
USA,North America,United States,2020-03-31,147519.0,2678.0,2874.0,41.0,445.67673716012087,8.682779456193353,59883.0,331000000.0,63000.0
USA,North America,United States,2020-04-01,150351.0,2832.0,2902.0,28.0,454.2326283987916,8.76737160120846,60843.0,331000000.0,63000.0
USA,North America,United States,2020-04-02,153221.0,2870.0,2965.0,63.0,462.9033232628399,8.957703927492446,61858.0,331000000.0,63000.0
USA,North America,United States,2020-04-03,156134.0,2913.0,3016.0,51.0,471.7039274924471,9.11178247734139,62860.0,331000000.0,63000.0
USA,North America,United States,2020-04-04,158925.0,2791.0,3048.0,32.0,480.1359516616314,9.20845921450151,63869.0,331000000.0,63000.0
USA,North America,United States,2020-04-05,161783.0,2858.0,3096.0,48.0,488.7703927492447,9.353474320241691,64890.0,331000000.0,63000.0
USA,North America,United States,2020-04-06,164693.0,2910.0,3163.0,67.0,497.5619335347432,9.555891238670695,65952.0,331000000.0,63000.0
USA,North America,United States,2020-04-07,167570.0,2877.0,3206.0,43.0,506.25377643504527,9.685800604229607,66961.0,331000000.0,63000.0
USA,North America,United States,2020-04-08,170519.0,2949.0,3255.0,49.0,515.1631419939578,9.833836858006043,67987.0,331000000.0,63000.0
USA,North America,United States,2020-04-09,173397.0,2878.0,3312.0,57.0,523.8580060422961,10.006042296072508,69005.0,331000000.0,63000.0
DEU,Europe,Germany,2020-01-01,483.0,483.0,12.0,12.0,5.819277108433735,0.14457831325301207,0.0,83000000.0,51000.0
DEU,Europe,Germany,2020-01-02,1021.0,538.0,23.0,11.0,12.301204819277109,0.2771084337349397,0.0,83000000.0,51000.0
DEU,Europe,Germany,2020-01-03,1561.0,540.0,38.0,15.0,18.80722891566265,0.4578313253012048,0.0,83000000.0,51000.0
DEU,Europe,Germany,2020-01-04,2132.0,571.0,49.0,11.0,25.686746987951807,0.5903614457831325,0.0,83000000.0,51000.0
DEU,Europe,Germany,2020-01-05,2764.0,632.0,65.0,16.0,33.30120481927711,0.7831325301204819,0.0,83000000.0,51000.0
DEU,Europe,Germany,2020-01-06,3401.0,637.0,82.0,17.0,40.97590361445783,0.9879518072289156,0.0,83000000.0,51000.0
DEU,Europe,Germany,2020-01-07,4031.0,630.0,91.0,9.0,48.566265060240966,1.0963855421686746,0.0,83000000.0,51000.0
DEU,Europe,Germany,2020-01-08,4752.0,721.0,106.0,15.0,57.253012048192765,1.2771084337349399,0.0,83000000.0,51000.0
DEU,Europe,Germany,2020-01-09,5496.0,744.0,123.0,17.0,66.21686746987952,1.4819277108433735,0.0,83000000.0,51000.0
DEU,Europe,Germany,2020-01-10,6205.0,709.0,143.0,20.0,74.75903614457832,1.7228915662650603,0.0,83000000.0,51000.0
DEU,Europe,Germany,2020-01-11,7013.0,808.0,165.0,22.0,84.49397590361447,1.9879518072289157,0.0,83000000.0,51000.0
DEU,Europe,Germany,2020-01-12,7820.0,807.0,186.0,21.0,94.21686746987952,2.2409638554216866,0.0,83000000.0,51000.0
DEU,Europe,Germany,2020-01-13,8596.0,,194.0,8.0,103.56626506024097,2.3373493975903616,0.0,83000000.0,51000.0
DEU,Europe,Germany,2020-01-14,9438.0,842.0,214.0,20.0,113.71084337349397,2.5783132530120483,0.0,83000000.0,51000.0
DEU,Europe,Germany,2020-01-15,10232.0,794.0,230.0,16.0,123.27710843373495,2.7710843373493974,0.0,83000000.0,51000.0
DEU,Europe,Germany,2020-01-16,11134.0,902.0,250.0,20.0,134.14457831325302,3.012048192771084,0.0,83000000.0,51000.0
DEU,Europe,Germany,2020-01-17,12076.0,942.0,263.0,13.0,145.49397590361446,3.1686746987951806,0.0,83000000.0,51000.0
DEU,Europe,Germany,2020-01-18,13003.0,927.0,287.0,24.0,156.66265060240963,3.4578313253012047,0.0,83000000.0,51000.0
DEU,Europe,Germany,2020-01-19,13978.0,975.0,306.0,,168.40963855421685,3.6867469879518073,0.0,83000000.0,51000.0
DEU,Europe,Germany,2020-01-20,14964.0,986.0,335.0,29.0,180.289156626506,4.0361445783132535,0.0,83000000.0,51000.0
DEU,Europe,Germany,2020-01-21,15990.0,1026.0,353.0,18.0,192.65060240963854,4.253012048192772,0.0,83000000.0,51000.0
DEU,Europe,Germany,2020-01-22,17038.0,1048.0,365.0,12.0,205.27710843373495,4.397590361445784,0.0,83000000.0,51000.0
DEU,Europe,Germany,2020-01-23,18074.0,1036.0,381.0,16.0,217.75903614457832,4.590361445783133,0.0,83000000.0,51000.0
DEU,Europe,Germany,2020-01-24,19122.0,1048.0,391.0,10.0,230.3855421686747,4.710843373493976,0.0,83000000.0,51000.0
DEU,Europe,Germany,2020-01-25,20211.0,1089.0,406.0,15.0,243.50602409638554,4.8915662650602405,0.0,83000000.0,51000.0
DEU,Europe,Germany,2020-01-26,21282.0,1071.0,435.0,29.0,256.4096385542169,5.240963855421687,0.0,83000000.0,51000.0
DEU,Europe,Germany,2020-01-27,22504.0,1222.0,462.0,27.0,271.13253012048193,5.566265060240964,0.0,83000000.0,51000.0
DEU,Europe,Germany,2020-01-28,23694.0,1190.0,486.0,24.0,285.46987951807233,5.855421686746988,0.0,83000000.0,51000.0
DEU,Europe,Germany,2020-01-29,24865.0,1171.0,502.0,16.0,299.5783132530121,6.048192771084337,0.0,83000000.0,51000.0
DEU,Europe,Germany,2020-01-30,26055.0,1190.0,522.0,20.0,313.9156626506024,6.289156626506024,0.0,83000000.0,51000.0
DEU,Europe,Germany,2020-01-31,27354.0,1299.0,560.0,38.0,329.56626506024094,6.746987951807229,0.0,83000000.0,51000.0
DEU,Europe,Germany,2020-02-01,28591.0,1237.0,591.0,31.0,344.4698795180723,7.120481927710844,1018.0,83000000.0,51000.0
DEU,Europe,Germany,2020-02-02,29928.0,1337.0,610.0,19.0,360.578313253012,7.349397590361447,2021.0,83000000.0,51000.0
DEU,Europe,Germany,2020-02-03,31261.0,1333.0,646.0,36.0,376.6385542168675,7.783132530120482,2999.0,83000000.0,51000.0
DEU,Europe,Germany,2020-02-04,32663.0,,684.0,38.0,393.5301204819277,8.240963855421688,4030.0,83000000.0,51000.0
DEU,Europe,Germany,2020-02-05,34043.0,1380.0,709.0,25.0,410.1566265060241,8.542168674698795,5018.0,83000000.0,51000.0
DEU,Europe,Germany,2020-02-06,35468.0,1425.0,725.0,16.0,427.32530120481925,8.734939759036145,5990.0,83000000.0,51000.0
DEU,Europe,Germany,2020-02-07,36826.0,1358.0,752.0,27.0,443.6867469879518,9.060240963855422,6988.0,83000000.0,51000.0
DEU,Europe,Germany,2020-02-08,38316.0,1490.0,787.0,35.0,461.6385542168675,9.481927710843374,7994.0,83000000.0,51000.0
DEU,Europe,Germany,2020-02-09,39843.0,1527.0,822.0,35.0,480.03614457831327,9.903614457831324,9031.0,83000000.0,51000.0
DEU,Europe,Germany,2020-02-10,41367.0,1524.0,858.0,36.0,498.39759036144574,10.337349397590362,10048.0,83000000.0,51000.0
DEU,Europe,Germany,2020-02-11,42922.0,1555.0,900.0,42.0,517.1325301204819,10.843373493975905,11089.0,83000000.0,51000.0
DEU,Europe,Germany,2020-02-12,44514.0,1592.0,926.0,26.0,536.3132530120482,11.156626506024097,12112.0,83000000.0,51000.0
DEU,Europe,Germany,2020-02-13,46130.0,1616.0,958.0,32.0,555.7831325301205,11.542168674698795,13124.0,83000000.0,51000.0
DEU,Europe,Germany,2020-02-14,47745.0,1615.0,999.0,41.0,575.2409638554217,12.036144578313253,14078.0,83000000.0,51000.0
DEU,Europe,Germany,2020-02-15,49375.0,1630.0,1026.0,27.0,594.8795180722891,12.361445783132531,15090.0,83000000.0,51000.0
DEU,Europe,Germany,2020-02-16,50964.0,1589.0,1063.0,37.0,614.0240963855422,12.80722891566265,16030.0,83000000.0,51000.0
DEU,Europe,Germany,2020-02-17,52664.0,1700.0,1099.0,36.0,634.5060240963855,13.240963855421686,17016.0,83000000.0,51000.0
DEU,Europe,Germany,2020-02-18,54395.0,1731.0,1142.0,43.0,655.3614457831326,13.759036144578314,17902.0,83000000.0,51000.0
DEU,Europe,Germany,2020-02-19,56098.0,1703.0,1185.0,43.0,675.8795180722892,14.27710843373494,18919.0,83000000.0,51000.0
DEU,Europe,Germany,2020-02-20,57839.0,1741.0,1208.0,23.0,696.8554216867469,14.55421686746988,19948.0,83000000.0,51000.0
DEU,Europe,Germany,2020-02-21,59577.0,1738.0,1249.0,41.0,717.7951807228916,15.048192771084336,20962.0,83000000.0,51000.0
DEU,Europe,Germany,2020-02-22,61474.0,1897.0,1284.0,35.0,740.6506024096386,15.469879518072288,22029.0,83000000.0,51000.0
DEU,Europe,Germany,2020-02-23,63316.0,1842.0,1312.0,28.0,762.843373493976,15.80722891566265,23075.0,83000000.0,51000.0
DEU,Europe,Germany,2020-02-24,65127.0,1811.0,1353.0,41.0,784.6626506024096,16.301204819277107,24063.0,83000000.0,51000.0
DEU,Europe,Germany,2020-02-25,66999.0,1872.0,1378.0,25.0,807.2168674698795,16.602409638554214,25104.0,83000000.0,51000.0
DEU,Europe,Germany,2020-02-26,68935.0,1936.0,1426.0,48.0,830.5421686746987,17.180722891566266,26115.0,83000000.0,51000.0
DEU,Europe,Germany,2020-02-27,70875.0,1940.0,1464.0,38.0,853.9156626506024,17.63855421686747,27071.0,83000000.0,51000.0
DEU,Europe,Germany,2020-02-28,72849.0,1974.0,1491.0,27.0,877.6987951807229,17.963855421686745,28070.0,83000000.0,51000.0
DEU,Europe,Germany,2020-02-29,74834.0,1985.0,1542.0,51.0,901.6144578313252,18.57831325301205,29052.0,83000000.0,51000.0
DEU,Europe,Germany,2020-03-01,76820.0,1986.0,1585.0,43.0,925.5421686746988,19.096385542168672,30032.0,83000000.0,51000.0
DEU,Europe,Germany,2020-03-02,78901.0,2081.0,1607.0,22.0,950.6144578313252,19.36144578313253,31030.0,83000000.0,51000.0
DEU,Europe,Germany,2020-03-03,80896.0,1995.0,1651.0,44.0,974.6506024096385,19.891566265060238,32049.0,83000000.0,51000.0
DEU,Europe,Germany,2020-03-04,82973.0,2077.0,1686.0,,999.6746987951807,20.313253012048193,32956.0,83000000.0,51000.0
DEU,Europe,Germany,2020-03-05,,2086.0,1730.0,44.0,1024.8072289156626,20.843373493975903,33974.0,83000000.0,51000.0
DEU,Europe,Germany,2020-03-06,87140.0,2081.0,1755.0,25.0,1049.879518072289,21.14457831325301,34986.0,83000000.0,51000.0
DEU,Europe,Germany,2020-03-07,89187.0,2047.0,1804.0,49.0,1074.5421686746988,21.734939759036145,36027.0,83000000.0,51000.0
DEU,Europe,Germany,2020-03-08,91407.0,2220.0,1862.0,58.0,1101.2891566265062,22.433734939759034,36972.0,83000000.0,51000.0
DEU,Europe,Germany,2020-03-09,93613.0,2206.0,1904.0,42.0,1127.8674698795182,22.93975903614458,37985.0,83000000.0,51000.0
DEU,Europe,Germany,2020-03-10,95871.0,2258.0,1929.0,25.0,1155.0722891566263,23.240963855421686,38960.0,83000000.0,51000.0
DEU,Europe,Germany,2020-03-11,98183.0,2312.0,1997.0,68.0,1182.9277108433737,24.060240963855424,39945.0,83000000.0,51000.0
DEU,Europe,Germany,2020-03-12,100501.0,2318.0,2043.0,46.0,1210.855421686747,24.614457831325304,40950.0,83000000.0,51000.0
DEU,Europe,Germany,2020-03-13,102755.0,2254.0,2068.0,25.0,1238.012048192771,24.91566265060241,41947.0,83000000.0,51000.0
DEU,Europe,Germany,2020-03-14,105113.0,2358.0,2111.0,43.0,1266.4216867469881,25.433734939759038,42933.0,83000000.0,51000.0
DEU,Europe,Germany,2020-03-15,107525.0,2412.0,2156.0,45.0,1295.4819277108434,25.97590361445783,43954.0,83000000.0,51000.0
DEU,Europe,Germany,2020-03-16,109964.0,2439.0,2200.0,44.0,1324.867469879518,26.50602409638554,44933.0,83000000.0,51000.0
DEU,Europe,Germany,2020-03-17,112444.0,2480.0,2255.0,55.0,1354.7469879518071,27.16867469879518,45945.0,83000000.0,51000.0
DEU,Europe,Germany,2020-03-18,114806.0,2362.0,2321.0,66.0,1383.2048192771085,27.963855421686745,46912.0,83000000.0,51000.0
DEU,Europe,Germany,2020-03-19,117316.0,2510.0,2358.0,,1413.44578313253,28.409638554216865,47953.0,83000000.0,51000.0
DEU,Europe,Germany,2020-03-20,119793.0,2477.0,2412.0,54.0,1443.289156626506,29.060240963855424,48918.0,83000000.0,51000.0
DEU,Europe,Germany,2020-03-21,122316.0,2523.0,2476.0,64.0,1473.686746987952,29.83132530120482,49914.0,83000000.0,51000.0
DEU,Europe,Germany,2020-03-22,124750.0,2434.0,2525.0,49.0,1503.012048192771,30.42168674698795,50899.0,83000000.0,51000.0
DEU,Europe,Germany,2020-03-23,127290.0,2540.0,2581.0,56.0,1533.6144578313254,31.096385542168676,51918.0,83000000.0,51000.0
DEU,Europe,Germany,2020-03-24,129809.0,2519.0,2643.0,62.0,1563.9638554216867,31.843373493975907,52933.0,83000000.0,51000.0
DEU,Europe,Germany,2020-03-25,132468.0,,2700.0,57.0,1596.0,32.53012048192771,53974.0,83000000.0,51000.0
DEU,Europe,Germany,2020-03-26,,2552.0,2728.0,28.0,1626.7469879518073,32.867469879518076,54977.0,83000000.0,51000.0
DEU,Europe,Germany,2020-03-27,137535.0,2515.0,2775.0,47.0,1657.0481927710844,33.433734939759034,56038.0,83000000.0,51000.0
DEU,Europe,Germany,2020-03-28,140211.0,2676.0,2809.0,34.0,1689.2891566265062,33.8433734939759,57051.0,83000000.0,51000.0
DEU,Europe,Germany,2020-03-29,142904.0,2693.0,2862.0,53.0,1721.7349397590363,34.48192771084337,58066.0,83000000.0,51000.0
DEU,Europe,Germany,2020-03-30,145661.0,2757.0,2926.0,64.0,1754.9518072289156,35.253012048192765,59165.0,83000000.0,51000.0
DEU,Europe,Germany,2020-03-31,148437.0,2776.0,3001.0,75.0,1788.397590361446,36.1566265060241,60132.0,83000000.0,51000.0
DEU,Europe,Germany,2020-04-01,151240.0,2803.0,3063.0,62.0,1822.1686746987953,36.903614457831324,61173.0,83000000.0,51000.0
DEU,Europe,Germany,2020-04-02,,2829.0,3103.0,40.0,1856.2530120481927,37.3855421686747,62188.0,83000000.0,51000.0
DEU,Europe,Germany,2020-04-03,156917.0,2848.0,3168.0,65.0,1890.566265060241,38.168674698795186,63229.0,83000000.0,51000.0
DEU,Europe,Germany,2020-04-04,159777.0,2860.0,3246.0,78.0,1925.0240963855422,39.10843373493976,64220.0,83000000.0,51000.0
DEU,Europe,Germany,2020-04-05,162678.0,2901.0,3319.0,73.0,1959.9759036144576,39.98795180722892,65250.0,83000000.0,51000.0
DEU,Europe,Germany,2020-04-06,165633.0,2955.0,3380.0,61.0,1995.578313253012,40.722891566265055,66238.0,83000000.0,51000.0
DEU,Europe,Germany,2020-04-07,168589.0,2956.0,3436.0,56.0,2031.1927710843372,41.39759036144578,67212.0,83000000.0,51000.0
DEU,Europe,Germany,2020-04-08,171493.0,2904.0,3500.0,64.0,2066.1807228915663,42.16867469879518,68228.0,83000000.0,51000.0
DEU,Europe,Germany,2020-04-09,,2969.0,3580.0,80.0,2101.9518072289156,43.13253012048193,69230.0,83000000.0,51000.0
IND,Asia,India,2020-01-01,492.0,492.0,10.0,10.0,0.3565217391304348,0.007246376811594203,0.0,1380000000.0,21000.0
IND,Asia,India,2020-01-02,1019.0,527.0,23.0,13.0,0.7384057971014493,0.016666666666666666,0.0,1380000000.0,21000.0
IND,Asia,India,2020-01-03,1593.0,574.0,39.0,16.0,1.1543478260869566,0.02826086956521739,0.0,1380000000.0,21000.0
IND,Asia,India,2020-01-04,2204.0,611.0,56.0,17.0,1.5971014492753624,0.04057971014492754,0.0,1380000000.0,21000.0
IND,Asia,India,2020-01-05,2793.0,589.0,67.0,11.0,2.023913043478261,0.04855072463768116,0.0,1380000000.0,21000.0
IND,Asia,India,2020-01-06,3399.0,606.0,76.0,9.0,2.4630434782608694,0.05507246376811594,0.0,1380000000.0,21000.0
IND,Asia,India,2020-01-07,4074.0,675.0,86.0,10.0,2.9521739130434783,0.06231884057971015,0.0,1380000000.0,21000.0
IND,Asia,India,2020-01-08,4757.0,683.0,96.0,10.0,3.447101449275362,0.06956521739130435,0.0,1380000000.0,21000.0
IND,Asia,India,2020-01-09,5450.0,693.0,105.0,9.0,3.949275362318841,0.07608695652173912,0.0,1380000000.0,21000.0
IND,Asia,India,2020-01-10,6189.0,739.0,120.0,15.0,4.484782608695652,0.08695652173913043,0.0,1380000000.0,21000.0
IND,Asia,India,2020-01-11,6956.0,767.0,136.0,16.0,5.040579710144927,0.09855072463768115,0.0,1380000000.0,21000.0
IND,Asia,India,2020-01-12,7730.0,774.0,152.0,16.0,5.601449275362318,0.11014492753623188,0.0,1380000000.0,21000.0
IND,Asia,India,2020-01-13,8595.0,865.0,174.0,22.0,6.228260869565217,0.12608695652173912,0.0,1380000000.0,21000.0
IND,Asia,India,2020-01-14,9460.0,865.0,186.0,12.0,6.855072463768116,0.13478260869565217,0.0,1380000000.0,21000.0
IND,Asia,India,2020-01-15,10319.0,859.0,209.0,23.0,7.477536231884058,0.15144927536231884,0.0,1380000000.0,21000.0
IND,Asia,India,2020-01-16,11239.0,920.0,222.0,13.0,8.144202898550724,0.1608695652173913,0.0,1380000000.0,21000.0
IND,Asia,India,2020-01-17,12165.0,926.0,246.0,24.0,8.815217391304348,0.1782608695652174,0.0,1380000000.0,21000.0
IND,Asia,India,2020-01-18,,918.0,256.0,10.0,9.480434782608695,0.1855072463768116,0.0,1380000000.0,21000.0
IND,Asia,India,2020-01-19,14044.0,961.0,276.0,20.0,10.1768115942029,0.19999999999999998,0.0,1380000000.0,21000.0
IND,Asia,India,2020-01-20,14985.0,941.0,301.0,25.0,10.858695652173914,0.21811594202898552,0.0,1380000000.0,21000.0
IND,Asia,India,2020-01-21,15957.0,972.0,311.0,10.0,11.56304347826087,0.22536231884057972,0.0,1380000000.0,21000.0
IND,Asia,India,2020-01-22,16995.0,1038.0,332.0,21.0,12.315217391304348,0.24057971014492754,0.0,1380000000.0,21000.0
IND,Asia,India,2020-01-23,18018.0,1023.0,354.0,22.0,13.056521739130435,0.2565217391304348,0.0,1380000000.0,21000.0
IND,Asia,India,2020-01-24,19052.0,1034.0,372.0,18.0,13.805797101449276,0.26956521739130435,0.0,1380000000.0,21000.0
IND,Asia,India,2020-01-25,20145.0,1093.0,398.0,26.0,14.597826086956522,0.28840579710144926,0.0,1380000000.0,21000.0
IND,Asia,India,2020-01-26,21220.0,1075.0,421.0,23.0,15.376811594202898,0.305072463768116,0.0,1380000000.0,21000.0
IND,Asia,India,2020-01-27,22347.0,1127.0,434.0,13.0,16.193478260869565,0.3144927536231884,0.0,1380000000.0,21000.0
IND,Asia,India,2020-01-28,23572.0,1225.0,454.0,20.0,17.081159420289854,0.3289855072463768,0.0,1380000000.0,21000.0
IND,Asia,India,2020-01-29,24743.0,1171.0,467.0,13.0,17.929710144927537,0.33840579710144925,0.0,1380000000.0,21000.0
IND,Asia,India,2020-01-30,25970.0,1227.0,498.0,31.0,18.818840579710145,0.36086956521739133,0.0,1380000000.0,21000.0
IND,Asia,India,2020-01-31,27191.0,1221.0,531.0,33.0,19.703623188405796,0.3847826086956522,0.0,1380000000.0,21000.0
IND,Asia,India,2020-02-01,28482.0,1291.0,552.0,21.0,20.639130434782608,0.39999999999999997,984.0,1380000000.0,21000.0
IND,Asia,India,2020-02-02,29788.0,1306.0,577.0,25.0,21.585507246376814,0.4181159420289855,1920.0,1380000000.0,21000.0
IND,Asia,India,2020-02-03,31204.0,1416.0,610.0,33.0,22.611594202898548,0.4420289855072464,2890.0,1380000000.0,21000.0
IND,Asia,India,2020-02-04,32497.0,1293.0,642.0,32.0,23.548550724637682,0.4652173913043478,3876.0,1380000000.0,21000.0
IND,Asia,India,2020-02-05,33842.0,1345.0,659.0,17.0,24.5231884057971,0.4775362318840579,4880.0,1380000000.0,21000.0
IND,Asia,India,2020-02-06,35244.0,1402.0,675.0,16.0,25.539130434782606,0.48913043478260865,5905.0,1380000000.0,21000.0
IND,Asia,India,2020-02-07,36709.0,1465.0,710.0,35.0,26.600724637681157,0.5144927536231884,6817.0,1380000000.0,21000.0
IND,Asia,India,2020-02-08,38132.0,1423.0,726.0,16.0,27.631884057971014,0.5260869565217391,7879.0,1380000000.0,21000.0
IND,Asia,India,2020-02-09,39585.0,1453.0,753.0,27.0,28.684782608695652,0.5456521739130434,8888.0,1380000000.0,21000.0
IND,Asia,India,2020-02-10,41151.0,1566.0,799.0,46.0,29.819565217391304,0.5789855072463769,9926.0,1380000000.0,21000.0
IND,Asia,India,2020-02-11,42749.0,1598.0,841.0,42.0,30.977536231884056,0.6094202898550725,10915.0,1380000000.0,21000.0
IND,Asia,India,2020-02-12,44350.0,1601.0,882.0,41.0,32.13768115942029,0.6391304347826087,11897.0,1380000000.0,21000.0
IND,Asia,India,2020-02-13,45914.0,1564.0,919.0,37.0,33.27101449275362,0.6659420289855073,12883.0,1380000000.0,21000.0
IND,Asia,India,2020-02-14,47530.0,1616.0,939.0,20.0,34.44202898550724,0.6804347826086956,13922.0,1380000000.0,21000.0
IND,Asia,India,2020-02-15,49153.0,1623.0,980.0,41.0,35.618115942028986,0.7101449275362319,14888.0,1380000000.0,21000.0
IND,Asia,India,2020-02-16,50791.0,1638.0,1008.0,28.0,36.80507246376812,0.7304347826086957,15828.0,1380000000.0,21000.0
IND,Asia,India,2020-02-17,52472.0,1681.0,1039.0,31.0,38.0231884057971,0.7528985507246377,16810.0,1380000000.0,21000.0
IND,Asia,India,2020-02-18,54165.0,1693.0,1077.0,38.0,39.25,0.7804347826086956,17782.0,1380000000.0,21000.0
IND,Asia,India,2020-02-19,55908.0,,1096.0,19.0,40.51304347826087,0.7942028985507246,18810.0,1380000000.0,21000.0
IND,Asia,India,2020-02-20,57571.0,1663.0,1145.0,49.0,41.71811594202899,0.8297101449275363,19785.0,1380000000.0,21000.0
IND,Asia,India,2020-02-21,59289.0,1718.0,1165.0,20.0,42.96304347826087,0.8442028985507246,20803.0,1380000000.0,21000.0
IND,Asia,India,2020-02-22,61132.0,1843.0,1194.0,29.0,44.298550724637686,0.8652173913043478,21814.0,1380000000.0,21000.0
IND,Asia,India,2020-02-23,62948.0,1816.0,1244.0,50.0,45.61449275362319,0.9014492753623189,22809.0,1380000000.0,21000.0
IND,Asia,India,2020-02-24,64781.0,1833.0,1292.0,48.0,46.9427536231884,0.936231884057971,23831.0,1380000000.0,21000.0
IND,Asia,India,2020-02-25,66654.0,1873.0,1320.0,28.0,48.300000000000004,0.9565217391304349,24856.0,1380000000.0,21000.0
IND,Asia,India,2020-02-26,68558.0,1904.0,1339.0,19.0,49.67971014492754,0.9702898550724639,25855.0,1380000000.0,21000.0
IND,Asia,India,2020-02-27,70489.0,1931.0,1390.0,51.0,51.07898550724637,1.007246376811594,26806.0,1380000000.0,21000.0
IND,Asia,India,2020-02-28,72387.0,1898.0,1436.0,46.0,52.45434782608696,1.0405797101449274,27804.0,1380000000.0,21000.0
IND,Asia,India,2020-02-29,74348.0,1961.0,1486.0,50.0,53.87536231884058,1.0768115942028986,28832.0,1380000000.0,21000.0
IND,Asia,India,2020-03-01,76373.0,2025.0,1516.0,30.0,55.3427536231884,1.098550724637681,29868.0,1380000000.0,21000.0
IND,Asia,India,2020-03-02,78467.0,2094.0,1563.0,47.0,56.86014492753623,1.132608695652174,30883.0,1380000000.0,21000.0
IND,Asia,India,2020-03-03,80535.0,2068.0,1586.0,23.0,58.358695652173914,1.1492753623188405,31885.0,1380000000.0,21000.0
IND,Asia,India,2020-03-04,82643.0,2108.0,1635.0,49.0,59.88623188405797,1.184782608695652,32805.0,1380000000.0,21000.0
IND,Asia,India,2020-03-05,84773.0,2130.0,1659.0,24.0,61.42971014492753,1.2021739130434783,33828.0,1380000000.0,21000.0
IND,Asia,India,2020-03-06,86870.0,2097.0,1712.0,53.0,62.94927536231884,1.2405797101449274,34843.0,1380000000.0,21000.0
IND,Asia,India,2020-03-07,88971.0,2101.0,1760.0,48.0,64.47173913043478,1.2753623188405796,35869.0,1380000000.0,21000.0
IND,Asia,India,2020-03-08,91185.0,2214.0,1799.0,39.0,66.07608695652175,1.3036231884057972,36840.0,1380000000.0,21000.0
IND,Asia,India,2020-03-09,93400.0,2215.0,1849.0,50.0,67.68115942028986,1.3398550724637681,37843.0,1380000000.0,21000.0
IND,Asia,India,2020-03-10,95639.0,,1904.0,55.0,69.3036231884058,1.3797101449275362,38875.0,1380000000.0,21000.0
IND,Asia,India,2020-03-11,97827.0,2188.0,1966.0,62.0,70.88913043478261,1.4246376811594204,39848.0,1380000000.0,21000.0
IND,Asia,India,2020-03-12,100093.0,2266.0,2016.0,50.0,72.53115942028985,1.4608695652173913,40914.0,1380000000.0,21000.0
IND,Asia,India,2020-03-13,102328.0,2235.0,2077.0,61.0,74.15072463768117,1.5050724637681159,41927.0,1380000000.0,21000.0
IND,Asia,India,2020-03-14,104702.0,2374.0,2140.0,63.0,75.87101449275363,1.5507246376811594,42981.0,1380000000.0,21000.0
IND,Asia,India,2020-03-15,107090.0,2388.0,2204.0,64.0,77.60144927536231,1.5971014492753624,44003.0,1380000000.0,21000.0
IND,Asia,India,2020-03-16,109487.0,2397.0,2254.0,50.0,79.33840579710146,1.6333333333333333,44925.0,1380000000.0,21000.0
IND,Asia,India,2020-03-17,111824.0,2337.0,2315.0,61.0,81.03188405797101,1.6775362318840579,45897.0,1380000000.0,21000.0
IND,Asia,India,2020-03-18,114305.0,2481.0,2366.0,51.0,82.82971014492753,1.7144927536231884,46905.0,1380000000.0,21000.0
IND,Asia,India,2020-03-19,116725.0,2420.0,2423.0,57.0,84.58333333333333,1.7557971014492753,47947.0,1380000000.0,21000.0
IND,Asia,India,2020-03-20,119240.0,2515.0,2471.0,48.0,86.40579710144927,1.7905797101449274,48899.0,1380000000.0,21000.0
IND,Asia,India,2020-03-21,121787.0,2547.0,2524.0,53.0,88.25144927536232,1.8289855072463768,49921.0,1380000000.0,21000.0
IND,Asia,India,2020-03-22,124262.0,2475.0,2587.0,63.0,90.04492753623188,1.8746376811594203,50926.0,1380000000.0,21000.0
IND,Asia,India,2020-03-23,126852.0,2590.0,2651.0,64.0,91.92173913043479,1.9210144927536235,51914.0,1380000000.0,21000.0
IND,Asia,India,2020-03-24,129367.0,2515.0,2720.0,69.0,93.74420289855072,1.9710144927536233,52909.0,1380000000.0,21000.0
IND,Asia,India,2020-03-25,132039.0,2672.0,2767.0,47.0,95.6804347826087,2.005072463768116,53901.0,1380000000.0,21000.0
IND,Asia,India,2020-03-26,134642.0,2603.0,2797.0,30.0,97.56666666666666,2.0268115942028984,54909.0,1380000000.0,21000.0
IND,Asia,India,2020-03-27,137313.0,2671.0,2854.0,57.0,99.50217391304348,2.0681159420289856,55914.0,1380000000.0,21000.0
IND,Asia,India,2020-03-28,140003.0,2690.0,2924.0,70.0,101.45144927536232,2.1188405797101453,56892.0,1380000000.0,21000.0
IND,Asia,India,2020-03-29,142703.0,2700.0,2954.0,30.0,103.40797101449274,2.1405797101449275,57877.0,1380000000.0,21000.0
IND,Asia,India,2020-03-30,145460.0,2757.0,3010.0,56.0,105.40579710144927,2.1811594202898554,58872.0,1380000000.0,21000.0
IND,Asia,India,2020-03-31,148184.0,2724.0,3042.0,32.0,107.37971014492754,2.204347826086957,59844.0,1380000000.0,21000.0
IND,Asia,India,2020-04-01,151059.0,2875.0,3094.0,52.0,109.46304347826087,2.2420289855072464,60856.0,1380000000.0,21000.0
IND,Asia,India,2020-04-02,153786.0,2727.0,3167.0,73.0,111.43913043478261,2.2949275362318837,61845.0,1380000000.0,21000.0
IND,Asia,India,2020-04-03,156624.0,2838.0,3215.0,48.0,113.49565217391304,2.329710144927536,62830.0,1380000000.0,21000.0
IND,Asia,India,2020-04-04,159438.0,2814.0,3259.0,44.0,115.53478260869566,2.3615942028985506,63895.0,1380000000.0,21000.0
IND,Asia,India,2020-04-05,162302.0,2864.0,3335.0,76.0,117.61014492753624,2.4166666666666665,64863.0,1380000000.0,21000.0
IND,Asia,India,2020-04-06,165196.0,2894.0,3371.0,36.0,119.7072463768116,2.4427536231884055,65809.0,1380000000.0,21000.0
IND,Asia,India,2020-04-07,168120.0,2924.0,3442.0,71.0,121.82608695652175,2.4942028985507245,66835.0,1380000000.0,21000.0
IND,Asia,India,2020-04-08,171087.0,2967.0,3516.0,74.0,123.97608695652174,2.5478260869565217,67849.0,1380000000.0,21000.0
IND,Asia,India,2020-04-09,173960.0,2873.0,3560.0,44.0,126.05797101449275,2.579710144927536,68826.0,1380000000.0,21000.0
BRA,South America,Brazil,2020-01-01,535.0,535.0,8.0,8.0,2.5235849056603774,0.03773584905660377,0.0,212000000.0,14000.0
BRA,South America,Brazil,2020-01-02,1078.0,543.0,21.0,13.0,5.084905660377358,0.09905660377358491,0.0,212000000.0,14000.0
BRA,South America,Brazil,2020-01-03,1583.0,505.0,26.0,5.0,7.466981132075472,0.12264150943396225,0.0,212000000.0,14000.0
BRA,South America,Brazil,2020-01-04,2128.0,545.0,35.0,9.0,10.037735849056604,0.1650943396226415,0.0,212000000.0,14000.0
BRA,South America,Brazil,2020-01-05,2717.0,589.0,41.0,6.0,12.816037735849056,0.19339622641509435,0.0,212000000.0,14000.0
BRA,South America,Brazil,2020-01-06,3346.0,629.0,47.0,6.0,15.783018867924527,0.22169811320754718,0.0,212000000.0,14000.0
BRA,South America,Brazil,2020-01-07,3990.0,644.0,62.0,15.0,18.820754716981135,0.29245283018867924,0.0,212000000.0,14000.0
BRA,South America,Brazil,2020-01-08,,687.0,76.0,14.0,22.06132075471698,0.3584905660377359,0.0,212000000.0,14000.0
BRA,South America,Brazil,2020-01-09,5374.0,697.0,91.0,15.0,25.349056603773587,0.42924528301886794,0.0,212000000.0,14000.0
BRA,South America,Brazil,2020-01-10,6087.0,713.0,100.0,9.0,28.712264150943398,0.4716981132075472,0.0,212000000.0,14000.0
BRA,South America,Brazil,2020-01-11,6814.0,727.0,119.0,19.0,32.14150943396226,0.5613207547169812,0.0,212000000.0,14000.0
BRA,South America,Brazil,2020-01-12,7594.0,780.0,128.0,9.0,35.82075471698113,0.6037735849056604,0.0,212000000.0,14000.0
BRA,South America,Brazil,2020-01-13,8429.0,835.0,137.0,9.0,39.759433962264154,0.6462264150943396,0.0,212000000.0,14000.0
BRA,South America,Brazil,2020-01-14,9272.0,843.0,146.0,9.0,43.735849056603776,0.6886792452830188,0.0,212000000.0,14000.0
BRA,South America,Brazil,2020-01-15,10118.0,846.0,157.0,11.0,47.72641509433962,0.7405660377358491,0.0,212000000.0,14000.0
BRA,South America,Brazil,2020-01-16,11008.0,890.0,173.0,16.0,51.924528301886795,0.8160377358490566,0.0,212000000.0,14000.0
BRA,South America,Brazil,2020-01-17,11921.0,913.0,183.0,10.0,56.2311320754717,0.8632075471698114,0.0,212000000.0,14000.0
BRA,South America,Brazil,2020-01-18,12847.0,926.0,200.0,17.0,60.59905660377358,0.9433962264150944,0.0,212000000.0,14000.0
BRA,South America,Brazil,2020-01-19,13768.0,921.0,212.0,12.0,64.9433962264151,1.0,0.0,212000000.0,14000.0
BRA,South America,Brazil,2020-01-20,14727.0,,231.0,19.0,69.46698113207547,1.0896226415094339,0.0,212000000.0,14000.0
BRA,South America,Brazil,2020-01-21,15697.0,970.0,257.0,26.0,74.04245283018868,1.2122641509433962,0.0,212000000.0,14000.0
BRA,South America,Brazil,2020-01-22,16764.0,1067.0,277.0,20.0,79.0754716981132,1.3066037735849056,0.0,212000000.0,14000.0
BRA,South America,Brazil,2020-01-23,17705.0,941.0,295.0,18.0,83.51415094339622,1.391509433962264,0.0,212000000.0,14000.0
BRA,South America,Brazil,2020-01-24,18833.0,1128.0,317.0,22.0,88.83490566037736,1.4952830188679245,0.0,212000000.0,14000.0
BRA,South America,Brazil,2020-01-25,19884.0,1051.0,344.0,27.0,93.79245283018868,1.6226415094339623,0.0,212000000.0,14000.0
BRA,South America,Brazil,2020-01-26,20997.0,1113.0,376.0,32.0,99.04245283018868,1.7735849056603774,0.0,212000000.0,14000.0
BRA,South America,Brazil,2020-01-27,22115.0,1118.0,393.0,17.0,104.31603773584905,1.8537735849056605,0.0,212000000.0,14000.0
BRA,South America,Brazil,2020-01-28,23322.0,1207.0,420.0,,110.00943396226415,1.9811320754716981,0.0,212000000.0,14000.0
BRA,South America,Brazil,2020-01-29,24555.0,1233.0,454.0,34.0,115.8254716981132,2.141509433962264,0.0,212000000.0,14000.0
BRA,South America,Brazil,2020-01-30,25783.0,1228.0,483.0,29.0,121.61792452830188,2.2783018867924527,0.0,212000000.0,14000.0
BRA,South America,Brazil,2020-01-31,27066.0,1283.0,517.0,34.0,127.6698113207547,2.438679245283019,0.0,212000000.0,14000.0
BRA,South America,Brazil,2020-02-01,28397.0,1331.0,556.0,39.0,133.94811320754718,2.6226415094339623,961.0,212000000.0,14000.0
BRA,South America,Brazil,2020-02-02,29660.0,1263.0,585.0,29.0,139.9056603773585,2.759433962264151,1924.0,212000000.0,14000.0
BRA,South America,Brazil,2020-02-03,30997.0,1337.0,621.0,36.0,146.21226415094338,2.9292452830188678,2955.0,212000000.0,14000.0
BRA,South America,Brazil,2020-02-04,32361.0,1364.0,658.0,37.0,152.64622641509433,3.1037735849056607,3948.0,212000000.0,14000.0
BRA,South America,Brazil,2020-02-05,33739.0,1378.0,696.0,38.0,159.14622641509433,3.2830188679245285,4893.0,212000000.0,14000.0
BRA,South America,Brazil,2020-02-06,35101.0,1362.0,731.0,35.0,165.57075471698113,3.44811320754717,5897.0,212000000.0,14000.0
BRA,South America,Brazil,2020-02-07,36505.0,1404.0,768.0,37.0,172.1933962264151,3.6226415094339623,6893.0,212000000.0,14000.0
BRA,South America,Brazil,2020-02-08,37954.0,1449.0,792.0,24.0,179.02830188679243,3.7358490566037736,7859.0,212000000.0,14000.0
BRA,South America,Brazil,2020-02-09,39470.0,1516.0,814.0,22.0,186.17924528301887,3.8396226415094343,8820.0,212000000.0,14000.0
BRA,South America,Brazil,2020-02-10,40964.0,1494.0,848.0,34.0,193.22641509433964,4.0,9831.0,212000000.0,14000.0
BRA,South America,Brazil,2020-02-11,42533.0,1569.0,894.0,46.0,200.62735849056602,4.216981132075472,10843.0,212000000.0,14000.0
BRA,South America,Brazil,2020-02-12,44103.0,1570.0,931.0,37.0,208.0330188679245,4.3915094339622645,11784.0,212000000.0,14000.0
BRA,South America,Brazil,2020-02-13,45726.0,1623.0,974.0,43.0,215.68867924528303,4.594339622641509,12763.0,212000000.0,14000.0
BRA,South America,Brazil,2020-02-14,47349.0,1623.0,1000.0,26.0,223.3443396226415,4.716981132075472,13734.0,212000000.0,14000.0
BRA,South America,Brazil,2020-02-15,48951.0,1602.0,1046.0,46.0,230.90094339622644,4.933962264150943,14775.0,212000000.0,14000.0
BRA,South America,Brazil,2020-02-16,50638.0,1687.0,1071.0,25.0,238.85849056603774,5.05188679245283,15825.0,212000000.0,14000.0
BRA,South America,Brazil,2020-02-17,52320.0,1682.0,1102.0,31.0,246.79245283018867,5.19811320754717,16821.0,212000000.0,14000.0
BRA,South America,Brazil,2020-02-18,54025.0,1705.0,1152.0,50.0,254.8349056603774,5.433962264150943,17776.0,212000000.0,14000.0
BRA,South America,Brazil,2020-02-19,55821.0,1796.0,1200.0,,263.30660377358487,5.660377358490567,18756.0,212000000.0,14000.0
BRA,South America,Brazil,2020-02-20,57603.0,1782.0,1218.0,18.0,271.7122641509434,5.745283018867925,19738.0,212000000.0,14000.0
BRA,South America,Brazil,2020-02-21,59350.0,1747.0,1239.0,21.0,279.95283018867923,5.84433962264151,20757.0,212000000.0,14000.0
BRA,South America,Brazil,2020-02-22,61084.0,1734.0,1256.0,17.0,288.1320754716981,5.9245283018867925,21754.0,212000000.0,14000.0
BRA,South America,Brazil,2020-02-23,62921.0,1837.0,1285.0,29.0,296.79716981132077,6.061320754716981,22777.0,212000000.0,14000.0
BRA,South America,Brazil,2020-02-24,64837.0,1916.0,1329.0,44.0,305.8349056603774,6.268867924528301,23785.0,212000000.0,14000.0
BRA,South America,Brazil,2020-02-25,66668.0,1831.0,1356.0,27.0,314.4716981132076,6.39622641509434,24814.0,212000000.0,14000.0
BRA,South America,Brazil,2020-02-26,68621.0,1953.0,1378.0,22.0,323.683962264151,6.5,25848.0,212000000.0,14000.0
BRA,South America,Brazil,2020-02-27,70485.0,1864.0,1430.0,52.0,332.4764150943396,6.745283018867925,26864.0,212000000.0,14000.0
BRA,South America,Brazil,2020-02-28,72495.0,2010.0,1470.0,40.0,341.9575471698113,6.933962264150943,27858.0,212000000.0,14000.0
BRA,South America,Brazil,2020-02-29,74462.0,1967.0,1513.0,43.0,351.23584905660374,7.136792452830189,28904.0,212000000.0,14000.0
BRA,South America,Brazil,2020-03-01,76476.0,2014.0,1556.0,43.0,360.7358490566038,7.339622641509433,29923.0,212000000.0,14000.0
BRA,South America,Brazil,2020-03-02,78502.0,2026.0,1591.0,35.0,370.2924528301887,7.504716981132075,30922.0,212000000.0,14000.0
BRA,South America,Brazil,2020-03-03,80655.0,2153.0,1644.0,53.0,380.4481132075471,7.754716981132075,31922.0,212000000.0,14000.0
BRA,South America,Brazil,2020-03-04,82646.0,1991.0,1678.0,34.0,389.83962264150944,7.915094339622641,32919.0,212000000.0,14000.0
BRA,South America,Brazil,2020-03-05,84689.0,2043.0,1738.0,60.0,399.4764150943396,8.19811320754717,33903.0,212000000.0,14000.0
BRA,South America,Brazil,2020-03-06,86769.0,2080.0,1770.0,32.0,409.28773584905656,8.349056603773585,34874.0,212000000.0,14000.0
BRA,South America,Brazil,2020-03-07,88878.0,2109.0,1795.0,25.0,419.2358490566038,8.466981132075473,35859.0,212000000.0,14000.0
BRA,South America,Brazil,2020-03-08,,2184.0,1829.0,34.0,429.5377358490566,8.627358490566039,36919.0,212000000.0,14000.0
BRA,South America,Brazil,2020-03-09,93185.0,2123.0,1855.0,26.0,439.5518867924528,8.75,37905.0,212000000.0,14000.0
BRA,South America,Brazil,2020-03-10,95472.0,,1909.0,54.0,450.33962264150944,9.004716981132075,38883.0,212000000.0,14000.0
BRA,South America,Brazil,2020-03-11,97711.0,2239.0,1972.0,63.0,460.9009433962264,9.30188679245283,39903.0,212000000.0,14000.0
BRA,South America,Brazil,2020-03-12,99959.0,2248.0,2037.0,65.0,471.50471698113205,9.608490566037737,40936.0,212000000.0,14000.0
BRA,South America,Brazil,2020-03-13,102278.0,2319.0,2072.0,35.0,482.44339622641513,9.773584905660377,41871.0,212000000.0,14000.0
BRA,South America,Brazil,2020-03-14,104629.0,2351.0,2113.0,41.0,493.53301886792457,9.966981132075471,42867.0,212000000.0,14000.0
BRA,South America,Brazil,2020-03-15,106913.0,2284.0,2170.0,57.0,504.30660377358487,10.235849056603772,43809.0,212000000.0,14000.0
BRA,South America,Brazil,2020-03-16,109267.0,2354.0,2225.0,55.0,515.4103773584906,10.495283018867925,44826.0,212000000.0,14000.0
BRA,South America,Brazil,2020-03-17,111680.0,2413.0,2279.0,54.0,526.7924528301887,10.75,45878.0,212000000.0,14000.0
BRA,South America,Brazil,2020-03-18,114170.0,2490.0,2309.0,30.0,538.5377358490565,10.891509433962264,46927.0,212000000.0,14000.0
BRA,South America,Brazil,2020-03-19,116625.0,2455.0,2334.0,25.0,550.117924528302,11.009433962264152,47920.0,212000000.0,14000.0
BRA,South America,Brazil,2020-03-20,119098.0,2473.0,2360.0,26.0,561.7830188679245,11.132075471698112,48877.0,212000000.0,14000.0
BRA,South America,Brazil,2020-03-21,121575.0,2477.0,2417.0,57.0,573.4669811320755,11.400943396226415,49914.0,212000000.0,14000.0
BRA,South America,Brazil,2020-03-22,124090.0,2515.0,2456.0,39.0,585.3301886792453,11.584905660377359,50896.0,212000000.0,14000.0
BRA,South America,Brazil,2020-03-23,126632.0,2542.0,2523.0,67.0,597.3207547169811,11.900943396226415,51890.0,212000000.0,14000.0
BRA,South America,Brazil,2020-03-24,129219.0,2587.0,2579.0,56.0,609.5235849056604,12.165094339622641,52909.0,212000000.0,14000.0
BRA,South America,Brazil,2020-03-25,131801.0,2582.0,2627.0,48.0,621.7028301886792,12.391509433962264,53870.0,212000000.0,14000.0
BRA,South America,Brazil,2020-03-26,134403.0,2602.0,2654.0,27.0,633.9764150943396,12.518867924528303,54883.0,212000000.0,14000.0
BRA,South America,Brazil,2020-03-27,137029.0,2626.0,2701.0,47.0,646.3632075471698,12.74056603773585,55865.0,212000000.0,14000.0
BRA,South America,Brazil,2020-03-28,139720.0,2691.0,2739.0,38.0,659.0566037735849,12.919811320754718,56883.0,212000000.0,14000.0
BRA,South America,Brazil,2020-03-29,,2698.0,2793.0,54.0,671.7830188679245,13.174528301886792,57971.0,212000000.0,14000.0
BRA,South America,Brazil,2020-03-30,145005.0,2587.0,2838.0,45.0,683.9858490566038,13.38679245283019,58935.0,212000000.0,14000.0
BRA,South America,Brazil,2020-03-31,147796.0,2791.0,2882.0,,697.1509433962264,13.59433962264151,59983.0,212000000.0,14000.0
BRA,South America,Brazil,2020-04-01,150700.0,2904.0,2962.0,80.0,710.8490566037735,13.971698113207548,60992.0,212000000.0,14000.0
BRA,South America,Brazil,2020-04-02,153640.0,2940.0,3014.0,52.0,724.7169811320755,14.216981132075471,61977.0,212000000.0,14000.0
BRA,South America,Brazil,2020-04-03,,2763.0,3071.0,57.0,737.75,14.485849056603772,63002.0,212000000.0,14000.0
BRA,South America,Brazil,2020-04-04,159244.0,2841.0,3114.0,43.0,751.1509433962264,14.68867924528302,63971.0,212000000.0,14000.0
BRA,South America,Brazil,2020-04-05,162094.0,2850.0,3197.0,83.0,764.5943396226414,15.080188679245282,64976.0,212000000.0,14000.0
BRA,South America,Brazil,2020-04-06,165006.0,2912.0,3251.0,54.0,778.3301886792453,15.33490566037736,65987.0,212000000.0,14000.0
BRA,South America,Brazil,2020-04-07,167916.0,2910.0,3331.0,80.0,792.0566037735849,15.712264150943396,66998.0,212000000.0,14000.0
BRA,South America,Brazil,2020-04-08,170885.0,2969.0,3384.0,53.0,806.061320754717,15.962264150943396,68002.0,212000000.0,14000.0
BRA,South America,Brazil,2020-04-09,173896.0,3011.0,3466.0,82.0,820.2641509433962,16.349056603773583,68961.0,212000000.0,14000.0
ZAF,Africa,South Africa,2020-01-01,470.0,470.0,7.0,7.0,7.966101694915255,0.11864406779661017,0.0,59000000.0,13000.0
ZAF,Africa,South Africa,2020-01-02,968.0,498.0,21.0,14.0,16.406779661016948,0.3559322033898305,0.0,59000000.0,13000.0
ZAF,Africa,South Africa,2020-01-03,1517.0,549.0,32.0,11.0,25.71186440677966,0.5423728813559322,0.0,59000000.0,13000.0
ZAF,Africa,South Africa,2020-01-04,2083.0,566.0,39.0,7.0,35.30508474576271,0.6610169491525424,0.0,59000000.0,13000.0
ZAF,Africa,South Africa,2020-01-05,2703.0,620.0,51.0,12.0,45.813559322033896,0.864406779661017,0.0,59000000.0,13000.0
ZAF,Africa,South Africa,2020-01-06,3327.0,624.0,68.0,17.0,56.38983050847458,1.152542372881356,0.0,59000000.0,13000.0
ZAF,Africa,South Africa,2020-01-07,4004.0,677.0,82.0,14.0,67.86440677966102,1.3898305084745761,0.0,59000000.0,13000.0
ZAF,Africa,South Africa,2020-01-08,4742.0,738.0,90.0,,80.37288135593221,1.5254237288135595,0.0,59000000.0,13000.0
ZAF,Africa,South Africa,2020-01-09,5474.0,732.0,109.0,19.0,92.77966101694916,1.847457627118644,0.0,59000000.0,13000.0
ZAF,Africa,South Africa,2020-01-10,6238.0,764.0,130.0,21.0,105.72881355932203,2.2033898305084745,0.0,59000000.0,13000.0
ZAF,Africa,South Africa,2020-01-11,6984.0,746.0,146.0,16.0,118.37288135593221,2.4745762711864407,0.0,59000000.0,13000.0
ZAF,Africa,South Africa,2020-01-12,7809.0,825.0,162.0,16.0,132.35593220338984,2.745762711864407,0.0,59000000.0,13000.0
ZAF,Africa,South Africa,2020-01-13,8625.0,816.0,181.0,19.0,146.1864406779661,3.067796610169492,0.0,59000000.0,13000.0
ZAF,Africa,South Africa,2020-01-14,9413.0,788.0,194.0,13.0,159.54237288135593,3.2881355932203387,0.0,59000000.0,13000.0
ZAF,Africa,South Africa,2020-01-15,10291.0,878.0,206.0,12.0,174.42372881355934,3.491525423728813,0.0,59000000.0,13000.0
ZAF,Africa,South Africa,2020-01-16,11240.0,949.0,234.0,28.0,190.5084745762712,3.9661016949152543,0.0,59000000.0,13000.0
ZAF,Africa,South Africa,2020-01-17,12156.0,916.0,248.0,14.0,206.03389830508476,4.203389830508475,0.0,59000000.0,13000.0
ZAF,Africa,South Africa,2020-01-18,13115.0,959.0,260.0,12.0,222.28813559322035,4.406779661016949,0.0,59000000.0,13000.0
ZAF,Africa,South Africa,2020-01-19,14089.0,974.0,282.0,22.0,238.79661016949154,4.779661016949152,0.0,59000000.0,13000.0
ZAF,Africa,South Africa,2020-01-20,15090.0,1001.0,304.0,22.0,255.76271186440675,5.1525423728813555,0.0,59000000.0,13000.0
ZAF,Africa,South Africa,2020-01-21,16039.0,949.0,314.0,10.0,271.8474576271186,5.322033898305085,0.0,59000000.0,13000.0
ZAF,Africa,South Africa,2020-01-22,17055.0,1016.0,325.0,11.0,289.06779661016947,5.508474576271186,0.0,59000000.0,13000.0
ZAF,Africa,South Africa,2020-01-23,18091.0,1036.0,352.0,27.0,306.62711864406776,5.966101694915254,0.0,59000000.0,13000.0
ZAF,Africa,South Africa,2020-01-24,19238.0,1147.0,385.0,33.0,326.06779661016947,6.525423728813559,0.0,59000000.0,13000.0
ZAF,Africa,South Africa,2020-01-25,20340.0,1102.0,397.0,12.0,344.7457627118644,6.728813559322034,0.0,59000000.0,13000.0
ZAF,Africa,South Africa,2020-01-26,21465.0,1125.0,424.0,27.0,363.8135593220339,7.186440677966101,0.0,59000000.0,13000.0
ZAF,Africa,South Africa,2020-01-27,22538.0,1073.0,443.0,19.0,382.0,7.508474576271186,0.0,59000000.0,13000.0
ZAF,Africa,South Africa,2020-01-28,23692.0,1154.0,461.0,18.0,401.5593220338983,7.813559322033899,0.0,59000000.0,13000.0
ZAF,Africa,South Africa,2020-01-29,24883.0,1191.0,480.0,19.0,421.7457627118644,8.135593220338983,0.0,59000000.0,13000.0
ZAF,Africa,South Africa,2020-01-30,26106.0,1223.0,507.0,27.0,442.47457627118644,8.59322033898305,0.0,59000000.0,13000.0
ZAF,Africa,South Africa,2020-01-31,27341.0,1235.0,522.0,15.0,463.4067796610169,8.847457627118644,0.0,59000000.0,13000.0
ZAF,Africa,South Africa,2020-02-01,28667.0,1326.0,547.0,,485.8813559322034,9.271186440677965,1008.0,59000000.0,13000.0
ZAF,Africa,South Africa,2020-02-02,29901.0,1234.0,565.0,18.0,506.79661016949154,9.576271186440678,2028.0,59000000.0,13000.0
ZAF,Africa,South Africa,2020-02-03,31261.0,1360.0,592.0,27.0,529.8474576271186,10.033898305084746,2989.0,59000000.0,13000.0
ZAF,Africa,South Africa,2020-02-04,32586.0,1325.0,612.0,20.0,552.3050847457627,10.372881355932202,3949.0,59000000.0,13000.0
ZAF,Africa,South Africa,2020-02-05,33881.0,1295.0,633.0,21.0,574.2542372881356,10.728813559322033,4875.0,59000000.0,13000.0
ZAF,Africa,South Africa,2020-02-06,35304.0,1423.0,671.0,38.0,598.3728813559322,11.372881355932202,5898.0,59000000.0,13000.0
ZAF,Africa,South Africa,2020-02-07,36672.0,1368.0,692.0,21.0,621.5593220338983,11.728813559322035,6934.0,59000000.0,13000.0
ZAF,Africa,South Africa,2020-02-08,38156.0,1484.0,719.0,27.0,646.7118644067797,12.1864406779661,7985.0,59000000.0,13000.0
ZAF,Africa,South Africa,2020-02-09,39738.0,1582.0,756.0,37.0,673.5254237288135,12.813559322033898,8984.0,59000000.0,13000.0
ZAF,Africa,South Africa,2020-02-10,,1515.0,771.0,15.0,699.2033898305085,13.067796610169491,9949.0,59000000.0,13000.0
ZAF,Africa,South Africa,2020-02-11,42801.0,1548.0,789.0,18.0,725.4406779661017,13.372881355932202,10977.0,59000000.0,13000.0
ZAF,Africa,South Africa,2020-02-12,44260.0,1459.0,831.0,42.0,750.1694915254237,14.084745762711865,11977.0,59000000.0,13000.0
ZAF,Africa,South Africa,2020-02-13,45830.0,1570.0,858.0,27.0,776.7796610169491,14.542372881355933,12965.0,59000000.0,13000.0
ZAF,Africa,South Africa,2020-02-14,47463.0,1633.0,901.0,,804.457627118644,15.271186440677967,14002.0,59000000.0,13000.0
ZAF,Africa,South Africa,2020-02-15,49106.0,1643.0,946.0,45.0,832.3050847457627,16.033898305084747,14974.0,59000000.0,13000.0
ZAF,Africa,South Africa,2020-02-16,50768.0,1662.0,967.0,21.0,860.4745762711865,16.389830508474574,15988.0,59000000.0,13000.0
ZAF,Africa,South Africa,2020-02-17,52421.0,1653.0,996.0,29.0,888.4915254237287,16.881355932203387,17008.0,59000000.0,13000.0
ZAF,Africa,South Africa,2020-02-18,54180.0,1759.0,1026.0,30.0,918.3050847457628,17.389830508474574,17942.0,59000000.0,13000.0
ZAF,Africa,South Africa,2020-02-19,55907.0,1727.0,1072.0,46.0,947.5762711864407,18.169491525423727,18927.0,59000000.0,13000.0
ZAF,Africa,South Africa,2020-02-20,57601.0,1694.0,1105.0,33.0,976.2881355932203,18.728813559322035,19918.0,59000000.0,13000.0
ZAF,Africa,South Africa,2020-02-21,59387.0,1786.0,1139.0,34.0,1006.5593220338982,19.305084745762713,20934.0,59000000.0,13000.0
ZAF,Africa,South Africa,2020-02-22,61223.0,1836.0,1176.0,37.0,1037.677966101695,19.93220338983051,21965.0,59000000.0,13000.0
ZAF,Africa,South Africa,2020-02-23,63018.0,1795.0,1204.0,28.0,1068.1016949152543,20.406779661016948,22992.0,59000000.0,13000.0
ZAF,Africa,South Africa,2020-02-24,64849.0,1831.0,1222.0,18.0,1099.135593220339,20.71186440677966,23973.0,59000000.0,13000.0
ZAF,Africa,South Africa,2020-02-25,66762.0,1913.0,1258.0,36.0,1131.5593220338983,21.322033898305087,24964.0,59000000.0,13000.0
ZAF,Africa,South Africa,2020-02-26,68578.0,1816.0,1285.0,27.0,1162.3389830508474,21.779661016949152,25963.0,59000000.0,13000.0
ZAF,Africa,South Africa,2020-02-27,70500.0,1922.0,1341.0,,1194.915254237288,22.72881355932203,27029.0,59000000.0,13000.0
ZAF,Africa,South Africa,2020-02-28,72570.0,2070.0,1376.0,35.0,1230.0,23.322033898305083,28002.0,59000000.0,13000.0
ZAF,Africa,South Africa,2020-02-29,74490.0,1920.0,1425.0,49.0,1262.542372881356,24.152542372881356,29009.0,59000000.0,13000.0
ZAF,Africa,South Africa,2020-03-01,76535.0,2045.0,1461.0,36.0,1297.2033898305083,24.76271186440678,30025.0,59000000.0,13000.0
ZAF,Africa,South Africa,2020-03-02,78540.0,2005.0,1492.0,,1331.1864406779662,25.28813559322034,31022.0,59000000.0,13000.0
ZAF,Africa,South Africa,2020-03-03,80618.0,2078.0,1518.0,26.0,1366.4067796610168,25.728813559322035,32017.0,59000000.0,13000.0
ZAF,Africa,South Africa,2020-03-04,82808.0,2190.0,1550.0,32.0,1403.5254237288136,26.271186440677965,33017.0,59000000.0,13000.0
ZAF,Africa,South Africa,2020-03-05,84827.0,2019.0,1602.0,52.0,1437.7457627118645,27.152542372881356,34013.0,59000000.0,13000.0
ZAF,Africa,South Africa,2020-03-06,86943.0,,1630.0,28.0,1473.6101694915253,27.6271186440678,35008.0,59000000.0,13000.0
ZAF,Africa,South Africa,2020-03-07,89149.0,2206.0,1694.0,64.0,1511.0,28.71186440677966,35985.0,59000000.0,13000.0
ZAF,Africa,South Africa,2020-03-08,91336.0,2187.0,1743.0,49.0,1548.0677966101696,29.54237288135593,37014.0,59000000.0,13000.0
ZAF,Africa,South Africa,2020-03-09,93539.0,2203.0,1798.0,55.0,1585.4067796610168,30.47457627118644,37978.0,59000000.0,13000.0
ZAF,Africa,South Africa,2020-03-10,95795.0,2256.0,1849.0,51.0,1623.6440677966102,31.338983050847457,38993.0,59000000.0,13000.0
ZAF,Africa,South Africa,2020-03-11,,2259.0,1894.0,,1661.9322033898304,32.101694915254235,39980.0,59000000.0,13000.0
ZAF,Africa,South Africa,2020-03-12,100289.0,2235.0,1926.0,32.0,1699.8135593220338,32.64406779661017,40963.0,59000000.0,13000.0
ZAF,Africa,South Africa,2020-03-13,102622.0,2333.0,1969.0,43.0,1739.3559322033898,33.37288135593221,41978.0,59000000.0,13000.0
ZAF,Africa,South Africa,2020-03-14,104917.0,2295.0,2034.0,65.0,1778.2542372881358,34.474576271186436,43003.0,59000000.0,13000.0
ZAF,Africa,South Africa,2020-03-15,107252.0,2335.0,2100.0,66.0,1817.8305084745764,35.59322033898305,44075.0,59000000.0,13000.0
ZAF,Africa,South Africa,2020-03-16,109607.0,2355.0,2135.0,35.0,1857.7457627118645,36.1864406779661,45081.0,59000000.0,13000.0
ZAF,Africa,South Africa,2020-03-17,112029.0,2422.0,2168.0,33.0,1898.7966101694915,36.7457627118644,46135.0,59000000.0,13000.0
ZAF,Africa,South Africa,2020-03-18,114455.0,2426.0,2194.0,26.0,1939.915254237288,37.186440677966104,47047.0,59000000.0,13000.0
ZAF,Africa,South Africa,2020-03-19,116968.0,2513.0,2266.0,72.0,1982.508474576271,38.406779661016955,48054.0,59000000.0,13000.0
ZAF,Africa,South Africa,2020-03-20,119454.0,2486.0,2328.0,62.0,2024.6440677966102,39.45762711864407,49033.0,59000000.0,13000.0
ZAF,Africa,South Africa,2020-03-21,122027.0,2573.0,2399.0,,2068.2542372881358,40.66101694915254,50026.0,59000000.0,13000.0
ZAF,Africa,South Africa,2020-03-22,124549.0,2522.0,2434.0,35.0,2111.0,41.25423728813559,51034.0,59000000.0,13000.0
ZAF,Africa,South Africa,2020-03-23,127074.0,2525.0,2469.0,35.0,2153.7966101694915,41.847457627118644,51976.0,59000000.0,13000.0
ZAF,Africa,South Africa,2020-03-24,129753.0,2679.0,2517.0,,2199.2033898305085,42.66101694915254,53008.0,59000000.0,13000.0
ZAF,Africa,South Africa,2020-03-25,132328.0,2575.0,2582.0,65.0,2242.8474576271187,43.76271186440678,54022.0,59000000.0,13000.0
ZAF,Africa,South Africa,2020-03-26,,2693.0,2624.0,42.0,2288.491525423729,44.474576271186436,55015.0,59000000.0,13000.0
ZAF,Africa,South Africa,2020-03-27,137604.0,2583.0,2649.0,25.0,2332.271186440678,44.898305084745765,56007.0,59000000.0,13000.0
ZAF,Africa,South Africa,2020-03-28,140235.0,2631.0,2691.0,42.0,2376.864406779661,45.61016949152542,56981.0,59000000.0,13000.0
ZAF,Africa,South Africa,2020-03-29,142890.0,,2756.0,65.0,2421.864406779661,46.71186440677966,58018.0,59000000.0,13000.0
ZAF,Africa,South Africa,2020-03-30,145584.0,2694.0,2821.0,65.0,2467.5254237288136,47.813559322033896,59050.0,59000000.0,13000.0
ZAF,Africa,South Africa,2020-03-31,148314.0,2730.0,2892.0,71.0,2513.7966101694915,49.016949152542374,60040.0,59000000.0,13000.0
ZAF,Africa,South Africa,2020-04-01,151114.0,2800.0,2950.0,58.0,2561.2542372881358,50.0,61060.0,59000000.0,13000.0
ZAF,Africa,South Africa,2020-04-02,153960.0,2846.0,3032.0,82.0,2609.4915254237285,51.38983050847458,61981.0,59000000.0,13000.0
ZAF,Africa,South Africa,2020-04-03,156800.0,2840.0,3100.0,68.0,2657.6271186440677,52.54237288135593,63006.0,59000000.0,13000.0
ZAF,Africa,South Africa,2020-04-04,159652.0,2852.0,3149.0,49.0,2705.9661016949153,53.3728813559322,64066.0,59000000.0,13000.0
ZAF,Africa,South Africa,2020-04-05,162558.0,2906.0,3204.0,55.0,2755.220338983051,54.30508474576271,65121.0,59000000.0,13000.0
ZAF,Africa,South Africa,2020-04-06,165495.0,2937.0,3249.0,45.0,2805.0,55.06779661016949,66152.0,59000000.0,13000.0
ZAF,Africa,South Africa,2020-04-07,168396.0,2901.0,3334.0,85.0,2854.169491525424,56.50847457627118,67190.0,59000000.0,13000.0
ZAF,Africa,South Africa,2020-04-08,171383.0,2987.0,3420.0,86.0,2904.7966101694915,57.96610169491525,68190.0,59000000.0,13000.0
ZAF,Africa,South Africa,2020-04-09,174297.0,2914.0,3491.0,71.0,2954.186440677966,59.16949152542373,69179.0,59000000.0,13000.0
